confronto,competicao,horario_brt,casa,odd_1,odd_x,odd_2,justo_1,justo_x,justo_2,linha_total_gols,odd_total_gols_0,odd_total_gols_1,odd_total_gols_2,justo_total_gols_0,justo_total_gols_1,justo_total_gols_2,linha_total_gols_1t,odd_total_gols_1t_0,odd_total_gols_1t_1,odd_total_gols_1t_2,justo_total_gols_1t_0,justo_total_gols_1t_1,justo_total_gols_1t_2,linha_dupla_chance,odd_dupla_chance_0,odd_dupla_chance_1,odd_dupla_chance_2,justo_dupla_chance_0,justo_dupla_chance_1,justo_dupla_chance_2,linha_dnb,odd_dnb_0,odd_dnb_1,odd_dnb_2,justo_dnb_0,justo_dnb_1,justo_dnb_2,linha_btts,odd_btts_0,odd_btts_1,odd_btts_2,justo_btts_0,justo_btts_1,justo_btts_2
Náutico - Atlético-GO,Brasileirão - Série B,09/08 16:00,Betano,2.45,3.2,2.92,0.386,0.292,0.322,2.5,2.05,1.72,,0.453,0.547,,0.5,1.47,2.55,,0.644,0.356,,,1.42,1.33,1.57,0.338,0.376,0.286,,1.72,2.05,,0.547,0.453,,,1.78,1.93,,0.522,0.478,
Grêmio Novorizontino - Juventude-RS,Brasileirão - Série B,09/08 16:00,Betano,2.02,3.05,4.2,0.473,0.308,0.220,1.5,1.5,2.45,,0.629,0.371,,0.5,1.6,2.25,,0.590,0.410,,,1.25,1.35,1.83,0.415,0.366,0.219,,1.4,2.8,,0.679,0.321,,,2.12,1.65,,0.433,0.567,
Cuiabá - Fortaleza,Brasileirão - Série B,09/08 18:00,Betano,2.45,2.95,3.2,0.387,0.319,0.293,1.5,1.57,2.3,,0.601,0.399,,0.5,1.65,2.15,,0.570,0.430,,,1.37,1.38,1.57,0.359,0.355,0.286,,1.65,2.15,,0.570,0.430,,,2.18,1.6,,0.417,0.583,
Moreirense FC - SC Braga,Primeira Liga,09/08 16:30,Betano,5.7,3.85,1.62,0.160,0.243,0.596,2.5,1.98,1.85,,0.482,0.518,,0.5,1.44,2.75,,0.665,0.335,,,2.32,1.25,1.16,0.138,0.405,0.457,,3.85,1.23,,0.223,0.777,,,1.93,1.8,,0.481,0.519,
Gil Vicente FC - Rio Ave FC,Primeira Liga,09/08 16:30,Betano,2.05,3.4,3.8,0.471,0.280,0.249,2.5,2.0,1.82,,0.475,0.525,,0.5,1.47,2.65,,0.651,0.349,,,1.29,1.3,1.82,0.392,0.388,0.220,,1.45,2.6,,0.653,0.347,,,1.8,1.95,,0.521,0.479,
Ypiranga-RS - Floresta,Brasileirão - Série C,09/08 16:00,Betano,1.98,3.05,4.05,0.476,0.302,0.223,1.5,1.52,2.37,,0.618,0.382,,0.5,1.6,2.2,,0.585,0.415,,,1.25,1.33,1.82,0.410,0.371,0.218,,1.4,2.75,,0.675,0.325,,,2.18,1.62,,0.421,0.579,
Maranhao MA - Brusque SC,Brasileirão - Série C,09/08 18:30,Betano,2.55,2.7,3.15,0.365,0.344,0.292,2.5,2.25,1.57,,0.404,0.596,,0.5,1.57,2.27,,0.598,0.402,,,1.36,1.4,1.52,0.359,0.342,0.299,,1.67,2.07,,0.558,0.442,,,1.82,1.9,,0.512,0.488,
AO de Itabaiana SE - Caxias,Brasileirão - Série C,09/08 18:30,Betano,2.67,2.87,2.8,0.348,0.322,0.330,1.5,1.52,2.35,,0.616,0.384,,0.5,1.6,2.18,,0.583,0.417,,,1.44,1.37,1.47,0.328,0.356,0.317,,1.82,1.9,,0.512,0.488,,,2.07,1.67,,0.442,0.558,
Maringa FC PR - Amazonas AM,Brasileirão - Série C,09/08 16:00,Betano,1.6,3.75,5.3,0.593,0.242,0.165,2.5,1.85,1.85,,0.500,0.500,,0.5,1.42,2.67,,0.665,0.335,,,1.16,1.24,2.32,0.455,0.408,0.137,,1.23,3.75,,0.773,0.227,,,1.88,1.83,,0.493,0.507,
Noroeste SP - XV de Piracicaba,Copa Paulista,09/08 10:00,Betano,2.5,2.92,2.87,0.369,0.313,0.318,1.5,1.47,2.32,,0.625,0.375,,0.5,1.55,2.15,,0.590,0.410,,,1.35,1.34,1.5,0.351,0.355,0.294,,1.7,1.91,,0.532,0.468,,,2.02,1.62,,0.439,0.561,
Atletico Linense SP - Gremio Prudente SP,Copa Paulista,09/08 10:00,Betano,1.75,3.35,4.6,0.538,0.271,0.191,2.5,2.27,1.5,,0.387,0.613,,0.5,1.52,2.22,,0.604,0.396,,,1.19,1.27,2.02,0.434,0.391,0.175,,1.28,3.05,,0.727,0.273,,,2.18,1.53,,0.403,0.597,
Osasco Sporting SP - Paulista FC SP,Copa Paulista,09/08 11:00,Betano,2.45,3.1,2.82,0.379,0.295,0.326,2.5,2.2,1.52,,0.398,0.602,,0.5,1.5,2.25,,0.611,0.389,,,1.36,1.32,1.53,0.348,0.366,0.286,,1.7,1.93,,0.535,0.465,,,1.93,1.7,,0.465,0.535,
São Bernardo - São Caetano,Copa Paulista,09/08 11:00,Betano,1.8,3.25,4.45,0.522,0.279,0.198,2.5,2.12,1.57,,0.417,0.583,,0.5,1.47,2.32,,0.625,0.375,,,1.18,1.29,1.95,0.437,0.378,0.185,,1.3,2.95,,0.715,0.285,,,1.95,1.67,,0.457,0.543,
Apafut Caxias Do Sul RS - Sport Clube Gaucho,Campeonato Gaúcho - Divisão de Acesso,09/08 15:00,Betano,2.35,3.0,2.82,0.386,0.297,0.317,2.5,2.15,1.55,,0.410,0.590,,0.5,1.47,2.22,,0.615,0.385,,,1.35,1.32,1.47,0.344,0.358,0.298,,1.67,1.95,,0.543,0.457,,,,,,,,
EC Guarani RS - Veranopolis RS,Campeonato Gaúcho - Divisão de Acesso,09/08 15:00,Betano,3.4,3.0,2.07,0.259,0.297,0.443,1.5,1.47,2.32,,0.625,0.375,,0.5,1.52,2.12,,0.593,0.407,,,1.62,1.32,1.26,0.253,0.359,0.388,,2.35,1.47,,0.373,0.627,,,,,,,,
EC Pelotas - GE Bage,Campeonato Gaúcho - Divisão de Acesso,09/08 15:00,Betano,1.5,3.1,8.25,0.622,0.286,0.092,1.5,1.55,2.15,,0.590,0.410,,0.5,1.6,1.98,,0.560,0.440,,,1.07,1.28,2.27,0.498,0.369,0.133,,1.11,4.85,,0.847,0.153,,,,,,,,
Bom Jesus EC - Rio Verde GO,Campeonato Goiano - Segunda Divisão,09/08 10:00,Betano,2.67,2.92,2.52,0.336,0.305,0.358,2.5,2.1,1.57,,0.420,0.580,,0.5,1.47,2.22,,0.615,0.385,,,1.42,1.33,1.38,0.316,0.353,0.331,,1.85,1.75,,0.485,0.515,,,,,,,,
Mineiros GO - Goianesia,Campeonato Goiano - Segunda Divisão,09/08 16:00,Betano,2.82,2.92,2.42,0.318,0.306,0.375,1.5,1.52,2.22,,0.604,0.396,,0.5,1.55,2.07,,0.581,0.419,,,1.45,1.33,1.35,0.304,0.352,0.343,,1.95,1.67,,0.457,0.543,,,,,,,,
Mansfield Town - Sheffield United,EFL Cup,09/08 12:00,Betano,4.0,3.6,1.83,0.227,0.254,0.518,2.5,1.83,1.91,,0.511,0.489,,1.5,2.72,1.42,,0.332,0.668,,,2.0,1.27,1.26,0.187,0.404,0.409,,2.9,1.38,,0.310,0.690,,,1.75,1.98,,0.533,0.467,
SS Arezzo - Union Brescia,Copa de Itália,09/08 14:45,Betano,2.02,3.2,3.75,0.468,0.289,0.244,2.5,2.15,1.65,,0.430,0.570,,0.5,1.5,2.47,,0.631,0.369,,,1.29,1.33,1.8,0.396,0.377,0.227,,1.45,2.62,,0.654,0.346,,,1.9,1.82,,0.488,0.512,
Benevento Calcio - Ravenna Calcio,Copa de Itália,09/08 16:00,Betano,1.62,3.7,5.4,0.588,0.247,0.164,2.5,2.05,1.72,,0.453,0.547,,0.5,1.47,2.57,,0.646,0.354,,,1.17,1.26,2.32,0.456,0.404,0.140,,1.24,3.8,,0.772,0.228,,,2.05,1.7,,0.450,0.550,
Energie Cottbus - Hannover 96,2. Bundesliga,09/08 08:30,Betano,3.05,3.6,2.25,0.311,0.262,0.427,3.5,2.35,1.6,,0.400,0.600,,1.5,2.32,1.6,,0.403,0.597,,,1.67,1.28,1.4,0.257,0.399,0.345,,2.15,1.65,,0.430,0.570,,,1.45,2.6,,0.653,0.347,
1. FC Nurnberg - Dynamo Dresden,2. Bundesliga,09/08 08:30,Betano,2.42,3.45,2.87,0.395,0.273,0.331,2.5,1.75,2.07,,0.544,0.456,,1.5,2.62,1.47,,0.351,0.649,,,1.44,1.3,1.6,0.331,0.391,0.278,,1.72,2.05,,0.547,0.453,,,1.6,2.27,,0.592,0.408,
FC St. Pauli - SpVgg Greuther Furth,2. Bundesliga,09/08 08:30,Betano,1.75,3.95,4.5,0.553,0.239,0.208,2.5,1.65,2.25,,0.581,0.419,,1.5,2.45,1.53,,0.377,0.623,,,1.23,1.24,2.15,0.422,0.416,0.162,,1.32,3.2,,0.723,0.277,,,1.62,2.22,,0.583,0.417,
1. FC Saarbrucken - Rot Weiss Essen,3. Liga,09/08 11:30,Betano,2.7,3.65,2.35,0.347,0.252,0.401,3.5,2.25,1.6,,0.410,0.590,,1.5,2.27,1.6,,0.408,0.592,,,1.6,1.27,1.47,0.277,0.405,0.319,,2.0,1.75,,0.464,0.536,,,1.45,2.55,,0.649,0.351,
TSV Alemannia Aachen - SC Verl,3. Liga,09/08 14:30,Betano,2.18,3.75,2.87,0.432,0.244,0.324,3.5,2.07,1.7,,0.447,0.553,,1.5,2.15,1.65,,0.430,0.570,,,1.44,1.26,1.7,0.334,0.414,0.253,,1.65,2.15,,0.570,0.430,,,1.4,2.72,,0.673,0.327,
1. FC Phönix Lübeck - SSV Jeddeloh,Regionalliga Norte,09/08 09:00,Betano,1.7,3.9,4.15,0.555,0.230,0.215,3.5,1.98,1.65,,0.449,0.551,,1.5,2.05,1.6,,0.431,0.569,,,1.2,1.22,2.12,0.426,0.415,0.159,,1.3,2.92,,0.713,0.287,,,1.42,2.45,,0.648,0.352,
FSV Schoningen 2011 - Eintracht Norderstedt,Regionalliga Norte,09/08 10:00,Betano,2.45,3.75,2.4,0.377,0.238,0.385,3.5,1.95,1.67,,0.457,0.543,,1.5,2.02,1.62,,0.439,0.561,,,1.55,1.24,1.45,0.280,0.406,0.314,,1.82,1.78,,0.494,0.506,,,1.37,2.65,,0.676,0.324,
Rot-Weiss Oberhausen - Sportfreunde Lotte,Regionalliga Oeste,09/08 09:00,Betano,1.29,5.4,7.9,0.738,0.160,0.103,3.5,1.98,1.65,,0.449,0.551,,1.5,2.05,1.62,,0.435,0.565,,,1.08,1.13,3.5,0.490,0.454,0.056,,1.09,5.1,,0.861,0.139,,,1.75,1.87,,0.518,0.482,
Leher TS - TV Eiche Horn,Bremen-Liga,09/08 10:30,Betano,3.65,3.85,1.75,0.241,0.227,0.531,3.5,1.78,1.83,,0.508,0.492,,1.5,1.85,1.7,,0.476,0.524,,,1.88,1.21,1.23,0.191,0.410,0.399,,2.7,1.35,,0.315,0.685,,,,,,,,
Turabdin-Babylon Pohlheim - SV Hummetroth,HessenLiga,09/08 09:30,Betano,1.82,3.7,3.5,0.510,0.238,0.253,3.5,1.55,2.15,,0.590,0.410,,1.5,1.7,1.85,,0.524,0.476,,,1.25,1.23,1.8,0.391,0.401,0.208,,1.39,2.55,,0.664,0.336,,,,,,,,
SC Spelle-Venhaus - VfV Borussia 06 Hildesheim,Oberliga Niedersachsen,09/08 10:00,Betano,1.72,4.1,3.55,0.540,0.211,0.248,3.5,1.78,1.82,,0.506,0.494,,1.5,1.85,1.7,,0.476,0.524,,,1.24,1.2,1.9,0.395,0.417,0.188,,1.36,2.65,,0.679,0.321,,,,,,,,
Union Sandersdorf - VfB 1921 Krieschow,NOFV-Oberliga Sud,09/08 09:00,Betano,2.27,3.85,2.42,0.401,0.225,0.374,3.5,1.93,1.7,,0.465,0.535,,1.5,1.95,1.62,,0.448,0.552,,,1.45,1.22,1.5,0.305,0.407,0.288,,1.75,1.85,,0.515,0.485,,,,,,,,
VfL Halle 96 - VfB Auerbach,NOFV-Oberliga Sud,09/08 09:00,Betano,2.27,3.7,2.52,0.403,0.237,0.360,3.5,1.91,1.7,,0.468,0.532,,1.5,1.95,1.62,,0.448,0.552,,,1.42,1.23,1.52,0.316,0.402,0.282,,1.72,1.9,,0.528,0.472,,,,,,,,
SpVgg Vreden 1921 - TuS Hiltrup,Oberliga Westfalen,09/08 10:00,Betano,2.15,3.8,2.62,0.426,0.229,0.345,3.5,1.98,1.65,,0.449,0.551,,1.5,2.0,1.6,,0.438,0.563,,,1.39,1.23,1.57,0.329,0.403,0.267,,1.65,1.98,,0.551,0.449,,,,,,,,
FC Vizela - União de Leiria,Liga 2,09/08 10:00,Betano,2.52,3.15,2.8,0.372,0.294,0.333,2.5,1.93,1.82,,0.484,0.516,,0.5,1.44,2.65,,0.659,0.341,,,1.45,1.33,1.55,0.328,0.378,0.294,,1.78,1.98,,0.528,0.472,,,1.67,2.07,,0.558,0.442,
Feirense - FC Felgueiras 1932,Liga 2,09/08 11:30,Betano,2.7,3.0,2.75,0.348,0.311,0.341,1.5,1.5,2.47,,0.631,0.369,,0.5,1.6,2.27,,0.592,0.408,,,1.47,1.36,1.47,0.319,0.362,0.319,,1.85,1.88,,0.504,0.496,,,2.02,1.7,,0.453,0.547,
Fafe - SC Vianense,Liga 3,09/08 13:00,Betano,1.72,3.6,4.25,0.545,0.248,0.207,2.5,1.9,1.72,,0.472,0.528,,0.5,1.4,2.52,,0.659,0.341,,,1.19,1.24,2.05,0.430,0.402,0.168,,1.3,2.95,,0.715,0.285,,,1.87,1.75,,0.482,0.518,
CD Trofense - Varzim,Liga 3,09/08 13:00,Betano,2.85,2.92,2.52,0.321,0.313,0.366,1.5,1.47,2.35,,0.627,0.373,,0.5,1.55,2.15,,0.590,0.410,,,1.5,1.34,1.4,0.300,0.362,0.337,,1.9,1.72,,0.472,0.528,,,1.98,1.65,,0.449,0.551,
Leça FC - Sao Joao Ver,Liga 3,09/08 13:30,Betano,2.1,3.2,3.35,0.445,0.284,0.271,2.5,2.05,1.6,,0.431,0.569,,0.5,1.45,2.37,,0.634,0.366,,,1.28,1.29,1.7,0.384,0.379,0.237,,1.5,2.27,,0.613,0.387,,,1.85,1.75,,0.485,0.515,
Indy Eleven - Hartford Athletic,USL Championship,09/08 18:00,Betano,1.85,3.5,3.65,0.503,0.254,0.243,2.5,1.65,2.1,,0.565,0.435,,1.5,2.42,1.5,,0.373,0.627,,,1.27,1.26,1.91,0.398,0.403,0.199,,1.4,2.72,,0.673,0.327,,,1.6,2.22,,0.587,0.413,
Seattle Sounders FC - Querétaro FC,Leagues Cup,09/08 16:30,Betano,2.07,3.7,3.35,0.464,0.254,0.282,2.5,1.67,2.22,,0.574,0.426,,1.5,2.47,1.52,,0.373,0.627,,,1.35,1.27,1.78,0.366,0.404,0.230,,1.53,2.4,,0.618,0.382,,,1.57,2.32,,0.603,0.397,
Philadelphia Union - Club Necaxa,Leagues Cup,09/08 20:30,Betano,1.75,4.1,4.25,0.552,0.228,0.220,2.5,1.65,2.27,,0.583,0.417,,1.5,2.42,1.55,,0.384,0.616,,,1.24,1.23,2.12,0.415,0.420,0.165,,1.34,3.1,,0.712,0.288,,,1.62,2.2,,0.581,0.419,
Cruz Azul - New York City FC,Leagues Cup,09/08 20:40,Betano,2.4,3.4,2.95,0.399,0.278,0.323,2.5,1.82,2.0,,0.525,0.475,,1.5,2.7,1.45,,0.340,0.660,,,1.42,1.31,1.6,0.338,0.385,0.277,,1.7,2.07,,0.553,0.447,,,1.62,2.2,,0.581,0.419,
Chicago Fire FC - Santos Laguna,Leagues Cup,09/08 21:00,Betano,1.55,4.5,5.5,0.625,0.207,0.167,3.5,2.22,1.67,,0.426,0.574,,1.5,2.22,1.65,,0.422,0.578,,,1.17,1.2,2.52,0.450,0.432,0.117,,1.23,3.9,,0.778,0.222,,,1.57,2.3,,0.601,0.399,
Nashville SC - Atlético San Luis,Leagues Cup,09/08 21:00,Betano,1.67,3.95,5.0,0.578,0.237,0.185,2.5,1.6,2.37,,0.602,0.398,,1.5,2.37,1.57,,0.392,0.608,,,1.2,1.24,2.25,0.437,0.415,0.148,,1.27,3.5,,0.751,0.249,,,1.57,2.3,,0.601,0.399,
Austin FC - Club Puebla,Leagues Cup,09/08 22:00,Betano,1.9,3.9,3.8,0.509,0.242,0.249,2.5,1.62,2.3,,0.591,0.409,,1.5,2.42,1.55,,0.384,0.616,,,1.29,1.25,1.95,0.392,0.413,0.195,,1.42,2.72,,0.668,0.332,,,1.57,2.3,,0.601,0.399,
San Diego FC - Club Tijuana,Leagues Cup,09/08 23:00,Betano,1.7,4.05,4.6,0.568,0.231,0.202,2.5,1.6,2.35,,0.600,0.400,,1.5,2.37,1.57,,0.392,0.608,,,1.22,1.23,2.2,0.426,0.420,0.154,,1.3,3.3,,0.733,0.267,,,1.6,2.27,,0.592,0.408,
Club América - Portland Timbers,Leagues Cup,09/08 23:15,Betano,2.22,3.65,3.1,0.434,0.259,0.307,3.5,2.32,1.62,,0.407,0.593,,1.5,2.3,1.6,,0.405,0.595,,,1.4,1.28,1.7,0.347,0.402,0.251,,1.62,2.22,,0.583,0.417,,,1.45,2.62,,0.654,0.346,
Arsenal - Borussia Dortmund,Emirates Cup,09/08 10:00,Betano,1.62,4.3,5.0,0.597,0.217,0.185,3.5,2.35,1.6,,0.400,0.600,,1.5,2.32,1.6,,0.403,0.597,,,1.2,1.22,2.32,0.436,0.425,0.139,,1.27,3.55,,0.753,0.247,,,1.6,2.27,,0.592,0.408,
San Lorenzo - CA Huracán,Liga Profesional,09/08 15:00,Betano,2.85,2.77,2.95,0.334,0.344,0.322,1.5,1.85,1.95,,0.514,0.486,,0.5,1.82,1.95,,0.518,0.482,,,1.42,1.4,1.45,0.334,0.342,0.323,,1.85,1.9,,0.507,0.493,,,2.62,1.45,,0.346,0.654,
Gimnasia y Esgrima de La Plata - Barracas Central,Liga Profesional,09/08 17:45,Betano,1.85,3.2,5.1,0.522,0.297,0.182,1.5,1.62,2.3,,0.591,0.409,,0.5,1.67,2.18,,0.570,0.430,,,1.19,1.33,2.0,0.444,0.371,0.185,,1.3,3.35,,0.735,0.265,,,2.47,1.5,,0.369,0.631,
Defensa y Justicia - Newells Old Boys,Liga Profesional,09/08 17:45,Betano,2.3,2.95,3.6,0.417,0.322,0.262,1.5,1.53,2.52,,0.628,0.372,,0.5,1.62,2.25,,0.586,0.414,,,1.31,1.37,1.65,0.383,0.356,0.261,,1.55,2.35,,0.610,0.390,,,2.07,1.7,,0.447,0.553,
Argentinos Juniors - Racing Club,Liga Profesional,09/08 20:15,Betano,2.15,2.9,4.1,0.446,0.327,0.227,1.5,1.55,2.5,,0.623,0.377,,0.5,1.65,2.22,,0.578,0.422,,,1.26,1.38,1.72,0.407,0.351,0.242,,1.45,2.65,,0.656,0.344,,,2.07,1.7,,0.447,0.553,
Godoy Cruz - Chaco For Ever,Primera B Nacional,09/08 16:30,Betano,1.65,3.3,5.9,0.575,0.278,0.147,2.5,2.4,1.5,,0.375,0.625,,0.5,1.57,2.27,,0.598,0.402,,,1.14,1.29,2.25,0.470,0.384,0.146,,1.21,3.95,,0.787,0.213,,,2.32,1.55,,0.393,0.607,
Club Atletico Atlanta - Temperley,Primera B Nacional,09/08 14:00,Betano,2.05,2.8,4.3,0.460,0.331,0.209,1.5,1.62,2.15,,0.576,0.424,,0.5,1.7,2.05,,0.550,0.450,,,1.22,1.38,1.75,0.423,0.346,0.231,,1.38,2.8,,0.684,0.316,,,2.3,1.55,,0.395,0.605,
Los Andes - Ferro Carril Oeste,Primera B Nacional,09/08 14:30,Betano,2.65,2.75,2.95,0.350,0.337,0.313,1.5,1.72,2.0,,0.541,0.459,,0.5,1.75,1.98,,0.533,0.467,,,1.4,1.4,1.47,0.342,0.342,0.316,,1.75,1.95,,0.529,0.471,,,2.42,1.5,,0.373,0.627,
Deportivo Moron - Acassuso,Primera B Nacional,09/08 15:00,Betano,1.55,3.35,7.3,0.613,0.273,0.115,1.5,1.52,2.37,,0.618,0.382,,0.5,1.6,2.18,,0.583,0.417,,,1.1,1.28,2.42,0.492,0.384,0.124,,1.15,4.7,,0.828,0.172,,,2.5,1.47,,0.360,0.640,
Colegiales - CA Patronato Parana,Primera B Nacional,09/08 15:00,Betano,2.02,2.8,4.35,0.465,0.330,0.205,1.5,1.7,2.05,,0.550,0.450,,0.5,1.72,2.0,,0.541,0.459,,,1.22,1.38,1.78,0.426,0.348,0.226,,1.38,2.82,,0.685,0.315,,,2.5,1.47,,0.360,0.640,
Colon de Santa Fe - San Telmo,Primera B Nacional,09/08 15:30,Betano,1.57,3.45,6.4,0.604,0.263,0.133,1.5,1.5,2.42,,0.627,0.373,,0.5,1.57,2.27,,0.598,0.402,,,1.13,1.27,2.37,0.475,0.393,0.131,,1.18,4.3,,0.807,0.193,,,2.42,1.5,,0.373,0.627,
Racing de Cordoba - San Miguel,Primera B Nacional,09/08 16:00,Betano,2.07,2.77,4.2,0.453,0.334,0.213,1.5,1.67,2.07,,0.558,0.442,,0.5,1.72,2.0,,0.541,0.459,,,1.23,1.39,1.75,0.421,0.345,0.234,,1.4,2.75,,0.675,0.325,,,2.42,1.5,,0.373,0.627,
CA Mitre - Defensores De Belgrano,Primera B Nacional,09/08 16:00,Betano,2.42,2.7,3.4,0.386,0.344,0.269,1.5,1.67,2.07,,0.558,0.442,,0.5,1.72,2.0,,0.541,0.459,,,1.32,1.4,1.55,0.374,0.340,0.286,,1.6,2.2,,0.585,0.415,,,2.32,1.53,,0.389,0.611,
Quilmes - Almagro BA,Primera B Nacional,09/08 17:00,Betano,1.55,3.45,7.0,0.614,0.265,0.121,1.5,1.5,2.42,,0.627,0.373,,0.5,1.57,2.25,,0.596,0.404,,,1.11,1.27,2.45,0.487,0.391,0.122,,1.16,4.6,,0.822,0.178,,,2.5,1.47,,0.360,0.640,
Gimnasia y Tiro - Nueva Chicago,Primera B Nacional,09/08 17:30,Betano,1.87,2.9,5.0,0.505,0.318,0.177,1.5,1.6,2.18,,0.583,0.417,,0.5,1.67,2.07,,0.558,0.442,,,1.18,1.35,1.93,0.447,0.359,0.194,,1.29,3.25,,0.734,0.266,,,2.37,1.52,,0.382,0.618,
San Martin Tucuman - San Martin de San Juan,Primera B Nacional,09/08 18:00,Betano,2.15,2.8,3.9,0.437,0.331,0.232,1.5,1.7,2.05,,0.550,0.450,,0.5,1.72,2.0,,0.541,0.459,,,1.26,1.38,1.7,0.405,0.349,0.246,,1.45,2.57,,0.650,0.350,,,2.42,1.5,,0.373,0.627,
CS Dock Sud - San Martin de Burzaco,Primera B Metropolitana,09/08 15:00,Betano,2.2,2.87,3.5,0.423,0.319,0.258,1.5,1.5,2.27,,0.613,0.387,,0.5,1.57,2.12,,0.583,0.417,,,1.26,1.35,1.65,0.396,0.353,0.251,,1.5,2.27,,0.613,0.387,,,2.02,1.62,,0.439,0.561,
Deportivo Laferrere - Arsenal de Sarandi,Primera B Metropolitana,09/08 15:00,Betano,3.15,2.82,2.4,0.289,0.325,0.386,1.5,1.55,2.15,,0.590,0.410,,0.5,1.62,2.05,,0.565,0.435,,,1.55,1.36,1.35,0.285,0.355,0.359,,2.05,1.6,,0.431,0.569,,,2.12,1.57,,0.417,0.583,
CA Lugano - Victoriano Arenas,Primera C Metropolitana,09/08 15:00,Betano,2.4,2.7,3.1,0.379,0.334,0.287,1.5,1.6,2.07,,0.571,0.429,,0.5,1.62,1.95,,0.552,0.448,,,1.3,1.38,1.45,0.365,0.331,0.304,,1.62,2.05,,0.565,0.435,,,,,,,,
Juventud Unida - Puerto Nuevo,Primera C Metropolitana,09/08 15:00,Betano,2.27,2.65,3.4,0.401,0.340,0.259,1.5,1.62,2.05,,0.565,0.435,,0.5,1.65,1.91,,0.541,0.459,,,1.26,1.38,1.5,0.384,0.330,0.286,,1.52,2.22,,0.604,0.396,,,,,,,,
Lujan SC - Central Cordoba Rosario,Primera C Metropolitana,09/08 15:00,Betano,2.02,2.82,3.8,0.454,0.317,0.229,1.5,1.62,2.02,,0.561,0.439,,0.5,1.62,1.95,,0.552,0.448,,,1.22,1.35,1.62,0.406,0.343,0.251,,1.4,2.5,,0.657,0.343,,,,,,,,
CA Atlas - Canuelas FC,Primera C Metropolitana,09/08 15:00,Betano,2.92,2.8,2.45,0.307,0.322,0.371,1.5,1.57,2.12,,0.583,0.417,,0.5,1.6,1.98,,0.560,0.440,,,1.44,1.36,1.33,0.308,0.339,0.352,,1.95,1.67,,0.457,0.543,,,,,,,,
Belgrano Zarate - Academia Control Orientado,Torneo Promocional Amateur,09/08 15:00,Betano,2.2,2.87,3.25,0.415,0.312,0.272,1.5,1.52,2.22,,0.604,0.396,,0.5,1.55,2.05,,0.579,0.421,,,1.28,1.34,1.55,0.377,0.350,0.273,,1.53,2.2,,0.600,0.400,,,,,,,,
Alumni Los Hornos - Barrancas FC,Torneo Promocional Amateur,09/08 15:00,Betano,2.9,2.82,2.45,0.310,0.319,0.371,1.5,1.53,2.18,,0.597,0.403,,0.5,1.57,2.02,,0.571,0.429,,,1.45,1.35,1.34,0.306,0.345,0.349,,1.95,1.67,,0.457,0.543,,,,,,,,
Deportes Concepcion - Universidad de Concepcion,Liga de Primera,09/08 13:30,Betano,1.98,3.45,3.95,0.487,0.275,0.238,2.5,2.02,1.8,,0.470,0.530,,0.5,1.47,2.65,,0.651,0.349,,,1.27,1.3,1.87,0.403,0.388,0.210,,1.42,2.72,,0.668,0.332,,,1.8,1.93,,0.519,0.481,
O'Higgins - Deportes Limache,Liga de Primera,09/08 16:00,Betano,2.07,3.55,3.5,0.465,0.266,0.270,2.5,1.75,2.1,,0.548,0.452,,1.5,2.6,1.47,,0.352,0.648,,,1.33,1.29,1.78,0.375,0.394,0.230,,1.5,2.47,,0.631,0.369,,,1.62,2.22,,0.583,0.417,
Unión La Calera - Colo Colo,Liga de Primera,09/08 18:30,Betano,4.85,3.65,1.75,0.191,0.258,0.551,2.5,1.98,1.83,,0.479,0.521,,1.5,2.72,1.44,,0.337,0.663,,,2.12,1.27,1.2,0.165,0.398,0.437,,3.35,1.3,,0.265,0.735,,,1.87,1.87,,0.500,0.500,
Universidad de Chile - Palestino,Liga de Primera,09/08 21:00,Betano,1.7,3.85,4.9,0.568,0.244,0.189,2.5,1.87,1.95,,0.511,0.489,,1.5,2.77,1.44,,0.333,0.667,,,1.2,1.25,2.2,0.437,0.409,0.154,,1.28,3.45,,0.746,0.254,,,1.82,1.93,,0.516,0.484,
Deportes Copiapo - CD San Luis de Quillota,Liga de Ascenso,09/08 13:30,Betano,2.32,3.3,3.0,0.407,0.281,0.311,2.5,1.95,1.78,,0.476,0.524,,0.5,1.45,2.65,,0.656,0.344,,,1.4,1.32,1.62,0.347,0.381,0.272,,1.67,2.12,,0.564,0.436,,,1.75,1.98,,0.533,0.467,
Rangers de Talca - Curico Unido,Liga de Ascenso,09/08 16:00,Betano,2.35,3.15,3.0,0.399,0.293,0.308,2.5,2.15,1.65,,0.430,0.570,,0.5,1.5,2.47,,0.631,0.369,,,1.4,1.33,1.6,0.346,0.376,0.277,,1.67,2.12,,0.564,0.436,,,1.87,1.85,,0.497,0.503,
Colchagua CD - Santiago City,Segunda División,09/08 17:00,Betano,1.82,3.6,3.85,0.517,0.251,0.233,2.5,1.78,1.82,,0.506,0.494,,1.5,2.57,1.38,,0.332,0.668,,,1.22,1.25,1.95,0.415,0.399,0.186,,1.35,2.7,,0.685,0.315,,,1.72,1.88,,0.525,0.475,
Trasandino - Deportes Linares,Segunda División,09/08 19:00,Betano,2.5,3.3,2.6,0.370,0.275,0.355,2.5,2.02,1.62,,0.439,0.561,,0.5,1.44,2.42,,0.641,0.359,,,1.47,1.29,1.5,0.312,0.387,0.301,,1.78,1.83,,0.508,0.492,,,1.82,1.78,,0.494,0.506,
Futuro FC - Municipal Puente Alto,Tercera A,09/08 16:30,Betano,2.1,3.3,3.2,0.443,0.274,0.283,2.5,1.7,1.91,,0.532,0.468,,1.5,2.47,1.42,,0.350,0.650,,,1.3,1.29,1.7,0.378,0.382,0.240,,1.52,2.22,,0.604,0.396,,,1.57,2.1,,0.580,0.420,
Alianza FC - Atletico Bucaramanga,Categoría Primera A,09/08 18:05,Betano,3.15,3.0,2.4,0.296,0.311,0.393,2.5,2.32,1.57,,0.397,0.603,,0.5,1.57,2.32,,0.603,0.397,,,1.6,1.37,1.38,0.280,0.362,0.358,,2.15,1.65,,0.430,0.570,,,1.93,1.78,,0.478,0.522,
Jaguares de Cordoba - Once Caldas,Categoría Primera A,09/08 20:10,Betano,4.05,3.2,1.95,0.225,0.289,0.486,2.5,2.02,1.75,,0.462,0.538,,0.5,1.47,2.55,,0.644,0.356,,,1.87,1.32,1.26,0.211,0.380,0.409,,2.8,1.4,,0.321,0.679,,,1.8,1.91,,0.516,0.484,
America de Cali - Atlético Nacional,Categoría Primera A,09/08 22:15,Betano,2.37,3.1,3.1,0.398,0.301,0.301,2.5,2.1,1.67,,0.439,0.561,,0.5,1.5,2.47,,0.631,0.369,,,1.39,1.35,1.6,0.352,0.369,0.279,,1.65,2.15,,0.570,0.430,,,1.8,1.9,,0.515,0.485,
AmaZulu Durban - Sekhukhune United,MTN 8,09/08 10:00,Betano,2.42,3.2,2.8,0.385,0.286,0.330,2.5,2.25,1.57,,0.404,0.596,,0.5,1.52,2.37,,0.618,0.382,,,1.44,1.31,1.55,0.328,0.383,0.290,,1.75,1.98,,0.533,0.467,,,1.98,1.75,,0.467,0.533,
Kaizer Chiefs - Golden Arrows FC,MTN 8,09/08 13:00,Betano,1.67,3.4,5.4,0.568,0.269,0.163,2.5,2.3,1.55,,0.395,0.605,,0.5,1.53,2.32,,0.611,0.389,,,1.16,1.28,2.2,0.458,0.390,0.152,,1.23,3.75,,0.773,0.227,,,2.2,1.6,,0.415,0.585,
FC Pyunik Yerevan - FC Van,Premier League,09/08 10:00,Betano,1.21,5.3,10.5,0.778,0.156,0.067,2.5,1.53,2.18,,0.597,0.403,,1.5,2.18,1.5,,0.396,0.604,,,1.05,1.11,3.6,0.498,0.452,0.050,,1.05,6.2,,0.896,0.104,,,,,,,,
FC Shirak Gyumri - FC Noah,Premier League,09/08 12:00,Betano,7.2,4.35,1.35,0.109,0.197,0.695,2.5,1.67,1.95,,0.543,0.457,,1.5,2.37,1.42,,0.359,0.641,,,2.72,1.17,1.08,0.091,0.424,0.485,,4.8,1.11,,0.154,0.846,,,,,,,,
SV Ried - Rapid Viena,Bundesliga,09/08 12:00,Betano,3.25,3.25,2.2,0.285,0.285,0.430,2.5,1.9,1.83,,0.490,0.510,,0.5,1.44,2.67,,0.660,0.340,,,1.7,1.32,1.36,0.252,0.383,0.365,,2.3,1.57,,0.399,0.601,,,1.7,2.05,,0.550,0.450,
Wolfsberger AC - Salzburg,Bundesliga,09/08 12:00,Betano,3.75,3.75,1.87,0.245,0.245,0.509,2.5,1.6,2.25,,0.590,0.410,,1.5,2.4,1.53,,0.382,0.618,,,1.95,1.26,1.29,0.196,0.410,0.394,,2.75,1.42,,0.330,0.670,,,1.55,2.32,,0.607,0.393,
Áustria Viena - Linzer ASK,Bundesliga,09/08 14:00,Betano,4.0,3.7,1.82,0.229,0.248,0.523,2.5,1.72,2.05,,0.547,0.453,,1.5,2.55,1.47,,0.356,0.644,,,2.02,1.26,1.26,0.183,0.408,0.408,,2.92,1.37,,0.306,0.694,,,1.65,2.1,,0.565,0.435,
SV Langenrohr - SC Wiener Neustadt,State Leagues,09/08 12:00,Betano,3.65,3.8,1.75,0.240,0.230,0.530,3.5,2.1,1.57,,0.420,0.580,,1.5,2.07,1.55,,0.419,0.581,,,1.87,1.22,1.24,0.195,0.408,0.397,,2.67,1.36,,0.320,0.680,,,,,,,,
Kottmannsdorf - SC Landskron,State Leagues,09/08 12:00,Betano,1.78,3.9,3.45,0.521,0.223,0.256,3.5,2.12,1.57,,0.417,0.583,,1.5,2.07,1.55,,0.419,0.581,,,1.26,1.21,1.83,0.385,0.412,0.202,,1.39,2.57,,0.665,0.335,,,,,,,,
SK Pama - SC Neusiedl AM See 1919,State Leagues,09/08 11:00,Betano,2.5,3.5,2.35,0.362,0.251,0.387,3.5,2.2,1.52,,0.398,0.602,,1.5,2.15,1.5,,0.399,0.601,,,1.47,1.25,1.42,0.296,0.389,0.314,,1.85,1.75,,0.485,0.515,,,,,,,,
SV Eberau - ASK Royal Sped Klingenbach,State Leagues,09/08 12:00,Betano,1.6,4.0,4.3,0.583,0.217,0.200,2.5,1.55,2.15,,0.590,0.410,,1.5,2.2,1.47,,0.387,0.613,,,1.18,1.2,2.07,0.426,0.414,0.159,,1.26,3.15,,0.738,0.262,,,,,,,,
Gent - KV Mechelen,1A Pro League,09/08 08:30,Betano,1.95,3.55,3.9,0.494,0.266,0.241,2.5,1.9,1.91,,0.501,0.499,,0.5,1.42,2.8,,0.674,0.326,,,1.28,1.28,1.88,0.396,0.396,0.207,,1.42,2.72,,0.668,0.332,,,1.75,2.0,,0.536,0.464,
Charleroi - Oud-Heverlee Leuven,1A Pro League,09/08 11:00,Betano,1.78,3.65,4.65,0.542,0.258,0.200,2.5,1.98,1.85,,0.482,0.518,,0.5,1.44,2.72,,0.663,0.337,,,1.22,1.27,2.07,0.427,0.400,0.173,,1.32,3.2,,0.723,0.277,,,1.85,1.88,,0.504,0.496,
SV Zulte Waregem - Genk,1A Pro League,09/08 11:00,Betano,3.2,3.6,2.18,0.297,0.262,0.441,2.5,1.75,2.1,,0.548,0.452,,1.5,2.6,1.47,,0.352,0.648,,,1.72,1.28,1.37,0.244,0.399,0.357,,2.3,1.57,,0.399,0.601,,,1.6,2.25,,0.590,0.410,
RSC Anderlecht - Raal La Louviere,1A Pro League,09/08 13:30,Betano,1.75,3.75,4.75,0.553,0.251,0.196,2.5,1.98,1.85,,0.482,0.518,,0.5,1.44,2.72,,0.663,0.337,,,1.21,1.26,2.12,0.431,0.404,0.165,,1.31,3.3,,0.730,0.270,,,1.88,1.87,,0.499,0.501,
Antuérpia - KV RS Waasland Beveren,1A Pro League,09/08 14:15,Betano,1.95,3.45,4.05,0.494,0.274,0.232,2.5,2.1,1.75,,0.452,0.548,,0.5,1.47,2.6,,0.648,0.352,,,1.26,1.3,1.88,0.406,0.386,0.207,,1.4,2.8,,0.679,0.321,,,1.88,1.85,,0.496,0.504,
Oriente Petrolero - Universitario de Vinto,Division Profesional,09/08 20:30,Betano,1.7,4.0,4.05,0.555,0.224,0.221,2.5,1.52,2.22,,0.604,0.396,,1.5,2.2,1.52,,0.398,0.602,,,1.21,1.21,2.12,0.420,0.420,0.159,,1.31,2.9,,0.709,0.291,,,1.55,2.15,,0.590,0.410,
Club San Jose - Always Ready,Division Profesional,09/08 16:00,Betano,3.95,4.1,1.7,0.227,0.218,0.555,3.5,1.93,1.7,,0.465,0.535,,1.5,2.0,1.65,,0.447,0.553,,,2.1,1.21,1.22,0.163,0.422,0.416,,2.85,1.32,,0.297,0.703,,,1.42,2.45,,0.648,0.352,
Club Real Potosi - Blooming Santa Cruz,Division Profesional,09/08 18:15,Betano,1.72,3.6,4.3,0.546,0.249,0.205,2.5,1.7,1.93,,0.535,0.465,,1.5,2.47,1.42,,0.350,0.650,,,1.19,1.24,2.05,0.430,0.402,0.168,,1.3,2.95,,0.715,0.285,,,1.67,1.95,,0.543,0.457,
Borac Banja Luka - FK Velez Mostar,Premijer Liga,09/08 13:30,Betano,1.36,4.4,7.9,0.698,0.200,0.102,2.5,1.82,1.78,,0.494,0.506,,0.5,1.38,2.6,,0.670,0.330,,,1.08,1.17,3.05,0.493,0.432,0.075,,1.11,4.85,,0.847,0.153,,,2.15,1.55,,0.410,0.590,
Zrinjski Mostar - NK Celik Zenica,Premijer Liga,09/08 16:00,Betano,1.29,4.8,9.5,0.737,0.181,0.082,2.5,1.78,1.82,,0.506,0.494,,1.5,2.57,1.39,,0.335,0.665,,,1.06,1.15,3.5,0.505,0.440,0.056,,1.07,5.6,,0.878,0.122,,,2.32,1.47,,0.375,0.625,
PFC Cherno More Varna - Ludogorets,Parva Liga,09/08 13:00,Betano,5.0,3.45,1.7,0.177,0.265,0.558,2.5,1.98,1.78,,0.472,0.528,,0.5,1.45,2.62,,0.654,0.346,,,2.18,1.28,1.19,0.158,0.396,0.446,,3.55,1.27,,0.247,0.753,,,1.9,1.82,,0.488,0.512,
PFC Septemvri Sofia - PFC CSKA Sofia,Parva Liga,09/08 15:15,Betano,6.6,4.05,1.47,0.129,0.223,0.648,2.5,1.87,1.87,,0.500,0.500,,0.5,1.42,2.75,,0.670,0.330,,,2.72,1.22,1.12,0.100,0.418,0.481,,4.75,1.16,,0.174,0.826,,,2.02,1.72,,0.457,0.543,
Sportist Svoge - FC Pirin Blagoevgrad,Vtora Liga,09/08 12:00,Betano,1.5,3.75,5.6,0.621,0.232,0.147,2.5,1.91,1.7,,0.468,0.532,,0.5,1.4,2.42,,0.651,0.349,,,1.12,1.21,2.27,0.461,0.406,0.133,,1.18,3.85,,0.794,0.206,,,,,,,,
Rilski Sportist Samokov - PFC Spartak Pleven,Vtora Liga,09/08 12:00,Betano,1.88,3.2,3.7,0.489,0.276,0.235,2.5,2.22,1.52,,0.396,0.604,,0.5,1.47,2.2,,0.613,0.387,,,1.23,1.28,1.75,0.403,0.377,0.220,,1.38,2.6,,0.670,0.330,,,,,,,,
Vihren Sandanski - FC Chernomorets 1919 Burgas,Vtora Liga,09/08 12:00,Betano,1.75,3.35,4.2,0.530,0.264,0.206,2.5,1.95,1.67,,0.457,0.543,,0.5,1.42,2.37,,0.641,0.359,,,1.19,1.26,1.88,0.423,0.385,0.192,,1.3,2.92,,0.713,0.287,,,,,,,,
OFC Lokomotiv Gorna Oryahovitsa - FK Fratria,Vtora Liga,09/08 14:00,Betano,3.8,3.35,1.83,0.230,0.264,0.506,2.5,2.07,1.6,,0.429,0.571,,0.5,1.44,2.3,,0.630,0.370,,,1.78,1.27,1.22,0.213,0.381,0.407,,2.65,1.36,,0.321,0.679,,,,,,,,
FC Astana - FC Okzhetpes Kokshetau,Premier League,09/08 10:00,Betano,1.53,4.15,5.1,0.617,0.213,0.170,3.5,2.2,1.53,,0.400,0.600,,1.5,2.18,1.53,,0.403,0.597,,,1.15,1.2,2.42,0.454,0.423,0.123,,1.21,3.5,,0.770,0.230,,,1.6,2.07,,0.571,0.429,
Elimai - FC Irtysh Pavlodar,Premier League,09/08 11:00,Betano,1.78,3.5,4.2,0.529,0.259,0.212,2.5,1.78,1.82,,0.506,0.494,,1.5,2.57,1.38,,0.332,0.668,,,1.2,1.26,2.0,0.427,0.395,0.178,,1.31,2.87,,0.707,0.293,,,1.72,1.9,,0.528,0.472,
FK Atyrau - FK Aktobe,Premier League,09/08 12:00,Betano,3.15,3.1,2.22,0.288,0.293,0.418,2.5,2.02,1.62,,0.439,0.561,,0.5,1.47,2.35,,0.627,0.373,,,1.62,1.31,1.31,0.259,0.371,0.371,,2.15,1.55,,0.410,0.590,,,1.8,1.8,,0.500,0.500,
Chongqing Tonglianglong - Shanghai Port,Super Liga,09/08 08:35,Betano,3.15,3.25,2.2,0.292,0.282,0.426,2.5,1.75,1.98,,0.533,0.467,,1.5,2.57,1.44,,0.347,0.653,,,1.67,1.31,1.36,0.256,0.383,0.361,,2.25,1.57,,0.404,0.596,,,1.6,2.22,,0.587,0.413,
Shandong Taishan - Tianjin Jinmen Tiger,Super Liga,09/08 09:00,Betano,2.15,3.6,2.95,0.436,0.252,0.312,3.5,2.18,1.6,,0.417,0.583,,1.5,2.22,1.6,,0.413,0.587,,,1.4,1.27,1.7,0.346,0.405,0.250,,1.62,2.18,,0.579,0.421,,,1.44,2.6,,0.655,0.345,
Guangdong GZ-Power FC - Guangxi Hengchen,1.ºLiga,09/08 08:30,Betano,1.98,3.4,3.45,0.472,0.266,0.262,2.5,1.72,1.88,,0.525,0.475,,1.5,2.5,1.4,,0.343,0.657,,,1.27,1.27,1.78,0.390,0.390,0.220,,1.45,2.4,,0.636,0.364,,,1.62,2.02,,0.561,0.439,
Guangdong Mingtu - Wenzhou Professional FC,2.º Liga,09/08 08:30,Betano,1.91,2.95,4.05,0.483,0.303,0.214,2.5,2.32,1.47,,0.375,0.625,,0.5,1.52,2.12,,0.593,0.407,,,1.2,1.32,1.72,0.418,0.356,0.226,,1.35,2.7,,0.685,0.315,,,,,,,,
Hangzhou Linping Wuyue - Guizhou Zhicheng FC,2.º Liga,09/08 08:30,Betano,4.5,2.92,1.83,0.189,0.306,0.505,2.5,2.32,1.47,,0.375,0.625,,0.5,1.53,2.1,,0.589,0.411,,,1.78,1.32,1.18,0.213,0.357,0.430,,2.95,1.3,,0.285,0.715,,,,,,,,
Nantong Haimen Codion - Qingdao Red Lions,2.º Liga,09/08 08:30,Betano,2.07,2.92,3.5,0.443,0.306,0.251,2.5,2.32,1.47,,0.375,0.625,,0.5,1.52,2.12,,0.593,0.407,,,1.25,1.33,1.6,0.391,0.352,0.257,,1.45,2.37,,0.634,0.366,,,,,,,,
CS Herediano - Liga Deportiva Alajuelense,Liga FPD,09/08 21:00,Betano,2.42,3.0,3.0,0.386,0.307,0.307,2.5,2.3,1.55,,0.395,0.605,,0.5,1.55,2.32,,0.607,0.393,,,1.39,1.34,1.55,0.345,0.367,0.288,,1.67,2.07,,0.558,0.442,,,1.95,1.75,,0.471,0.529,
Inter San Carlos - AD San Carlos,Liga FPD,09/08 18:00,Betano,2.25,3.25,3.05,0.416,0.282,0.302,2.5,1.91,1.8,,0.484,0.516,,0.5,1.44,2.62,,0.656,0.344,,,1.38,1.31,1.62,0.350,0.382,0.268,,1.62,2.15,,0.576,0.424,,,1.72,2.02,,0.543,0.457,
ADR Jicaral - AD Sarchi,Liga de Ascenso,09/08 16:00,Betano,1.44,4.25,5.6,0.650,0.202,0.148,2.5,1.55,2.15,,0.590,0.410,,1.5,2.2,1.47,,0.387,0.613,,,1.12,1.18,2.42,0.461,0.422,0.117,,1.17,3.95,,0.801,0.199,,,,,,,,
NK Slaven Belupo Koprivnica - NK Varazdin,HNL,09/08 13:30,Betano,2.55,3.2,2.75,0.369,0.290,0.341,2.5,1.9,1.85,,0.493,0.507,,1.5,2.6,1.45,,0.347,0.653,,,1.47,1.33,1.53,0.321,0.378,0.301,,1.8,1.95,,0.521,0.479,,,1.67,2.07,,0.558,0.442,
Hajduk Split - NK Istra 1961,HNL,09/08 16:00,Betano,1.45,4.45,6.4,0.660,0.203,0.136,2.5,1.65,2.15,,0.570,0.430,,1.5,2.42,1.52,,0.378,0.622,,,1.13,1.19,2.82,0.473,0.434,0.093,,1.17,4.7,,0.821,0.179,,,1.8,1.9,,0.515,0.485,
Randers FC - Lyngby BK,Superligaen,09/08 11:00,Betano,2.32,3.55,2.95,0.413,0.265,0.322,2.5,1.72,2.15,,0.558,0.442,,1.5,2.55,1.5,,0.363,0.637,,,1.42,1.29,1.62,0.337,0.393,0.270,,1.67,2.1,,0.561,0.439,,,1.57,2.32,,0.603,0.397,
AC Horsens - Brøndby IF,Superligaen,09/08 13:00,Betano,5.5,3.95,1.62,0.167,0.237,0.596,2.5,1.88,1.93,,0.507,0.493,,1.5,2.8,1.42,,0.326,0.674,,,2.32,1.24,1.17,0.138,0.411,0.451,,3.8,1.24,,0.228,0.772,,,1.87,1.87,,0.500,0.500,
Aalborg BK - Kolding IF,1. division,09/08 09:00,Betano,2.0,3.55,3.45,0.474,0.259,0.267,2.5,1.72,2.05,,0.547,0.453,,1.5,2.57,1.47,,0.354,0.646,,,1.32,1.28,1.83,0.380,0.400,0.220,,1.5,2.5,,0.633,0.367,,,1.62,2.18,,0.579,0.421,
Vejle Boldklub - Hillerød Fodbold,1. division,09/08 09:00,Betano,1.6,4.05,5.1,0.598,0.226,0.176,2.5,1.67,2.12,,0.564,0.436,,1.5,2.47,1.5,,0.369,0.631,,,1.18,1.23,2.4,0.449,0.420,0.131,,1.25,3.75,,0.767,0.233,,,1.7,2.02,,0.547,0.453,
FC Fredericia - Vendsyssel FF,1. division,09/08 10:00,Betano,1.67,4.05,4.55,0.573,0.227,0.200,2.5,1.65,2.15,,0.570,0.430,,1.5,2.47,1.5,,0.369,0.631,,,1.22,1.23,2.25,0.428,0.422,0.149,,1.29,3.35,,0.738,0.262,,,1.67,2.07,,0.558,0.442,
Promex Harlem SC - Bath Estate FC,Premier League,09/08 19:30,Betano,2.1,3.65,2.8,0.438,0.241,0.322,3.5,2.0,1.65,,0.447,0.553,,1.5,2.02,1.57,,0.429,0.571,,,1.35,1.24,1.6,0.345,0.397,0.258,,1.6,2.07,,0.571,0.429,,,,,,,,
Portsmouth Bombers FC - Dublanc FC,Premier League,09/08 19:30,Betano,14.0,8.25,1.09,0.044,0.090,0.867,4.5,1.83,1.78,,0.492,0.508,,1.5,1.55,2.07,,0.581,0.419,,,4.0,1.05,1.025,0.036,0.471,0.492,,7.5,1.025,,0.079,0.921,,,,,,,,
Delfin SC - Orense,Liga Pro Serie A,09/08 18:00,Betano,2.52,3.05,2.9,0.373,0.305,0.322,2.5,2.45,1.52,,0.375,0.625,,0.5,1.57,2.3,,0.601,0.399,,,1.42,1.36,1.53,0.338,0.363,0.299,,1.75,2.0,,0.536,0.464,,,2.05,1.7,,0.450,0.550,
Guayaquil City FC - CS Emelec,Liga Pro Serie A,09/08 21:00,Betano,2.82,3.0,2.6,0.330,0.310,0.360,1.5,1.52,2.45,,0.625,0.375,,0.5,1.6,2.27,,0.592,0.408,,,1.52,1.36,1.45,0.305,0.366,0.329,,1.95,1.8,,0.479,0.521,,,2.07,1.67,,0.442,0.558,
Motherwell FC - Falkirk,Premiership,09/08 11:00,Betano,1.85,3.75,4.15,0.522,0.252,0.226,2.5,1.72,2.12,,0.555,0.445,,1.5,2.57,1.5,,0.361,0.639,,,1.25,1.26,2.0,0.410,0.405,0.185,,1.37,2.95,,0.695,0.305,,,1.65,2.15,,0.570,0.430,
Hearts - Dundee United FC,Premiership,09/08 11:00,Betano,1.7,4.0,4.7,0.568,0.234,0.197,2.5,1.7,2.18,,0.565,0.435,,1.5,2.52,1.5,,0.365,0.635,,,1.21,1.24,2.2,0.431,0.414,0.154,,1.3,3.35,,0.735,0.265,,,1.67,2.12,,0.564,0.436,
MSK Zilina - MFK Skalica,Superliga,09/08 12:00,Betano,1.65,3.9,4.9,0.580,0.236,0.184,2.5,1.78,1.98,,0.528,0.472,,1.5,2.65,1.45,,0.344,0.656,,,1.19,1.24,2.3,0.443,0.415,0.142,,1.26,3.6,,0.758,0.242,,,1.78,1.93,,0.522,0.478,
MSK Tesla Stropkov - Lokomotiva Kosice,3. Liga,09/08 12:00,Betano,1.7,3.65,4.0,0.545,0.239,0.216,3.5,2.18,1.53,,0.403,0.597,,1.5,2.12,1.52,,0.407,0.593,,,1.2,1.23,1.93,0.417,0.400,0.183,,1.31,2.9,,0.709,0.291,,,,,,,,
Podkonice - FK Cadca,3. Liga,09/08 12:00,Betano,1.9,3.55,3.3,0.485,0.247,0.268,3.5,2.18,1.53,,0.403,0.597,,1.5,2.12,1.52,,0.407,0.593,,,1.27,1.25,1.72,0.381,0.392,0.227,,1.44,2.42,,0.641,0.359,,,,,,,,
Banik Kalinovo - MFk Dolny Kubin,3. Liga,09/08 12:00,Betano,1.55,3.95,4.75,0.602,0.220,0.178,3.5,2.1,1.57,,0.420,0.580,,1.5,2.07,1.55,,0.419,0.581,,,1.16,1.2,2.18,0.439,0.415,0.145,,1.22,3.4,,0.763,0.237,,,,,,,,
Aluminij - Nafta Lendava,PrvaLiga,09/08 12:30,Betano,2.35,3.35,2.82,0.398,0.273,0.328,2.5,1.7,2.02,,0.547,0.453,,1.5,2.52,1.47,,0.358,0.642,,,1.42,1.29,1.6,0.335,0.391,0.274,,1.7,2.02,,0.547,0.453,,,1.57,2.25,,0.596,0.404,
NK Maribor - FC Koper,PrvaLiga,09/08 15:15,Betano,1.83,3.7,3.8,0.516,0.245,0.238,2.5,1.62,2.18,,0.579,0.421,,1.5,2.37,1.52,,0.382,0.618,,,1.27,1.25,1.95,0.399,0.409,0.192,,1.39,2.75,,0.678,0.322,,,1.57,2.25,,0.596,0.404,
NK Bravo - Brinje-Grosuplje,PrvaLiga,09/08 15:15,Betano,1.82,3.5,4.1,0.519,0.261,0.220,2.5,1.82,1.88,,0.509,0.491,,1.5,2.67,1.42,,0.335,0.665,,,1.24,1.27,1.98,0.414,0.399,0.187,,1.35,2.92,,0.699,0.301,,,1.72,2.0,,0.541,0.459,
Ilirija Ljubljana - Dravinja,2.SNL,09/08 12:30,Betano,2.27,3.25,2.92,0.409,0.279,0.313,2.5,1.85,1.75,,0.485,0.515,,0.5,1.4,2.52,,0.659,0.341,,,1.34,1.3,1.6,0.358,0.376,0.266,,1.62,2.02,,0.561,0.439,,,1.67,1.95,,0.543,0.457,
FC Levadia Tallin - FC Nomme United,Premium Liiga,09/08 13:00,Betano,1.2,6.1,9.0,0.785,0.133,0.082,3.5,1.6,2.07,,0.571,0.429,,1.5,1.72,1.83,,0.517,0.483,,,1.06,1.09,3.15,0.480,0.457,0.063,,1.07,5.8,,0.881,0.119,,,,,,,,
Vikingur Gota - Toftir B68,Meistaradeildin,09/08 11:00,Betano,1.29,4.9,7.6,0.728,0.171,0.101,3.5,2.02,1.62,,0.439,0.561,,1.5,2.02,1.57,,0.429,0.571,,,1.08,1.13,3.05,0.482,0.446,0.072,,1.09,5.1,,0.861,0.139,,,,,,,,
Kuopio PS - TPS,Veikkausliiga,09/08 09:00,Betano,1.57,4.2,5.1,0.608,0.216,0.175,2.5,1.62,2.22,,0.583,0.417,,1.5,2.4,1.53,,0.382,0.618,,,1.18,1.22,2.45,0.449,0.425,0.126,,1.24,3.75,,0.770,0.230,,,1.67,2.07,,0.558,0.442,
FC Inter Turku - FC Lahti,Veikkausliiga,09/08 11:00,Betano,2.0,3.3,3.75,0.474,0.281,0.245,2.5,1.93,1.8,,0.481,0.519,,0.5,1.44,2.65,,0.659,0.341,,,1.29,1.31,1.83,0.395,0.385,0.220,,1.45,2.62,,0.654,0.346,,,1.75,1.98,,0.533,0.467,
FC Ilves - IFK Mariehamn,Veikkausliiga,09/08 12:00,Betano,1.32,5.3,7.9,0.726,0.167,0.107,3.5,2.12,1.67,,0.436,0.564,,1.5,2.15,1.65,,0.430,0.570,,,1.1,1.15,3.45,0.487,0.452,0.061,,1.12,5.7,,0.859,0.141,,,1.75,1.95,,0.529,0.471,
AC Oulu - HJK Helsinki,Veikkausliiga,09/08 13:00,Betano,3.35,3.55,2.05,0.277,0.260,0.463,2.5,1.67,2.12,,0.564,0.436,,1.5,2.47,1.5,,0.369,0.631,,,1.8,1.28,1.35,0.228,0.402,0.369,,2.42,1.52,,0.378,0.622,,,1.57,2.27,,0.598,0.402,
Klubi 04 Helsinki - FC KTP Kotka,Ykkosliiga,09/08 09:00,Betano,4.7,4.5,1.53,0.186,0.196,0.618,3.5,1.9,1.72,,0.472,0.528,,1.5,1.98,1.65,,0.449,0.551,,,2.45,1.18,1.17,0.120,0.437,0.443,,3.35,1.23,,0.243,0.757,,,1.47,2.32,,0.625,0.375,
Sporting Kristina - VPV,Kolmonen,09/08 09:00,Betano,1.83,4.1,3.15,0.506,0.211,0.283,3.5,1.67,1.95,,0.543,0.457,,1.5,1.78,1.75,,0.495,0.505,,,1.29,1.2,1.78,0.370,0.417,0.212,,1.45,2.4,,0.636,0.364,,,,,,,,
KPV Kokkola - VJS,Ykkonen,09/08 10:00,Betano,5.6,4.65,1.39,0.146,0.181,0.672,3.5,1.78,1.83,,0.508,0.492,,1.5,1.85,1.7,,0.476,0.524,,,2.55,1.15,1.12,0.104,0.438,0.458,,4.05,1.16,,0.192,0.808,,,,,,,,
FC Jazz - OLS Oulu,Ykkonen,09/08 12:30,Betano,2.72,3.7,2.12,0.331,0.236,0.432,3.5,1.83,1.78,,0.492,0.508,,1.5,1.9,1.65,,0.460,0.540,,,1.57,1.24,1.37,0.267,0.397,0.336,,2.05,1.62,,0.435,0.565,,,,,,,,
Baglan Dragons - Swansea University FC,Cymru Championship South,09/08 10:30,Betano,2.4,3.55,2.42,0.378,0.247,0.375,2.5,1.55,2.15,,0.590,0.410,,1.5,2.18,1.5,,0.396,0.604,,,1.45,1.25,1.47,0.307,0.393,0.300,,1.8,1.82,,0.503,0.497,,,,,,,,
Meshakhte Tkibuli - FC Samgurali Tskaltubo,Erovnuli Liga,09/08 10:00,Betano,4.25,3.4,1.72,0.202,0.259,0.539,2.5,1.82,1.8,,0.497,0.503,,0.5,1.38,2.47,,0.660,0.340,,,1.9,1.26,1.19,0.190,0.386,0.424,,2.95,1.3,,0.285,0.715,,,,,,,,
FC Spaeri - FC Dinamo Tbilisi,Erovnuli Liga,09/08 13:00,Betano,3.45,3.35,1.91,0.255,0.263,0.482,2.5,1.7,1.93,,0.535,0.465,,1.5,2.4,1.4,,0.351,0.649,,,1.72,1.26,1.26,0.227,0.387,0.387,,2.47,1.42,,0.350,0.650,,,,,,,,
CSD Municipal - Coban Imperial,Liga Nacional,09/08 20:00,Betano,1.4,4.25,7.3,0.678,0.209,0.113,2.5,1.88,1.72,,0.475,0.525,,0.5,1.4,2.55,,0.661,0.339,,,1.09,1.18,2.87,0.487,0.427,0.085,,1.12,4.6,,0.838,0.162,,,2.18,1.53,,0.403,0.597,
San Pedro La Laguna FC - CD Suchitepéquez,Liga Nacional,09/08 18:00,Betano,1.72,3.4,4.6,0.546,0.265,0.190,2.5,2.15,1.55,,0.410,0.590,,0.5,1.47,2.32,,0.625,0.375,,,1.17,1.27,2.05,0.443,0.388,0.169,,1.27,3.1,,0.732,0.268,,,2.05,1.6,,0.431,0.569,
Csd Amatitlan - Quiché,Primera Division de Ascenso,09/08 14:00,Betano,3.75,3.05,1.93,0.232,0.291,0.477,2.5,2.15,1.55,,0.410,0.590,,0.5,1.47,2.22,,0.615,0.385,,,1.7,1.3,1.23,0.231,0.367,0.402,,2.57,1.38,,0.332,0.668,,,,,,,,
Deportivo Iztapa - Chichicasteco FC,Primera Division de Ascenso,09/08 14:00,Betano,1.42,4.1,6.3,0.660,0.211,0.129,2.5,1.7,1.93,,0.535,0.465,,1.5,2.37,1.42,,0.359,0.641,,,1.1,1.18,2.5,0.472,0.420,0.109,,1.14,4.35,,0.824,0.176,,,,,,,,
Coatepeque - Juventud Copalera,Primera Division de Ascenso,09/08 15:00,Betano,1.65,3.45,4.75,0.565,0.256,0.179,2.5,1.91,1.7,,0.468,0.532,,0.5,1.4,2.4,,0.649,0.351,,,1.16,1.25,2.02,0.441,0.390,0.169,,1.24,3.3,,0.752,0.248,,,,,,,,
Csd Sacachispas - CD Mictlan,Primera Division de Ascenso,09/08 14:00,Betano,2.02,2.57,4.4,0.455,0.351,0.194,1.5,1.47,2.32,,0.625,0.375,,0.5,1.57,2.02,,0.571,0.429,,,1.18,1.4,1.65,0.431,0.324,0.245,,1.34,2.75,,0.691,0.309,,,,,,,,
Huehuetecos FC - Santa Lucia Cotzumalguapa,Primera Division de Ascenso,09/08 22:00,Betano,1.8,3.4,3.9,0.515,0.261,0.224,2.5,1.85,1.75,,0.485,0.515,,0.5,1.38,2.45,,0.658,0.342,,,1.21,1.26,1.82,0.411,0.385,0.204,,1.34,2.75,,0.691,0.309,,,,,,,,
Escuintla FC - Puerto San Jose,Segunda División,09/08 14:00,Betano,3.25,3.35,1.98,0.272,0.263,0.464,2.5,1.65,2.0,,0.553,0.447,,1.5,2.32,1.44,,0.368,0.632,,,1.67,1.27,1.27,0.239,0.381,0.381,,2.32,1.47,,0.375,0.625,,,,,,,,
FC Groningen - FC Utrecht,Eredivisie,09/08 09:30,Betano,2.3,3.35,3.15,0.417,0.282,0.301,2.5,1.78,2.05,,0.537,0.463,,1.5,2.62,1.47,,0.351,0.649,,,1.39,1.31,1.65,0.351,0.386,0.263,,1.62,2.2,,0.581,0.419,,,1.6,2.27,,0.592,0.408,
Heerenveen - Twente,Eredivisie,09/08 11:45,Betano,3.0,3.8,2.22,0.318,0.249,0.434,3.5,2.18,1.7,,0.435,0.565,,1.5,2.2,1.65,,0.424,0.576,,,1.7,1.26,1.42,0.250,0.411,0.339,,2.15,1.65,,0.430,0.570,,,1.42,2.7,,0.667,0.333,
CD Motagua - Estrella Roja,Liga Nacional,09/08 20:15,Betano,1.28,4.9,8.25,0.735,0.172,0.093,2.5,1.57,2.12,,0.583,0.417,,1.5,2.22,1.47,,0.385,0.615,,,1.07,1.13,2.75,0.479,0.436,0.085,,1.09,5.3,,0.864,0.136,,,,,,,,
Juticalpa FC - CD Olimpia,Liga Nacional,09/08 18:00,Betano,9.0,4.9,1.26,0.082,0.171,0.746,2.5,1.62,2.02,,0.561,0.439,,1.5,2.3,1.44,,0.370,0.630,,,3.2,1.13,1.06,0.064,0.442,0.493,,5.6,1.07,,0.122,0.878,,,,,,,,
Independiente Siguatepeque - Atletico Choloma,Liga Nacional,09/08 22:30,Betano,1.98,3.4,3.2,0.464,0.259,0.277,2.5,1.72,1.9,,0.528,0.472,,1.5,2.42,1.4,,0.349,0.651,,,1.28,1.26,1.67,0.376,0.386,0.239,,1.47,2.32,,0.625,0.375,,,,,,,,
Paksi FC - Budapest Honved FC,NB I,09/08 10:30,Betano,1.93,3.7,3.55,0.492,0.248,0.260,2.5,1.6,2.25,,0.590,0.410,,1.5,2.4,1.53,,0.382,0.618,,,1.32,1.27,1.88,0.382,0.407,0.211,,1.47,2.57,,0.646,0.354,,,1.53,2.32,,0.611,0.389,
Debreceni VSC - Nyiregyhaza Spartacus FC,NB I,09/08 12:30,Betano,2.3,3.4,2.95,0.411,0.273,0.317,2.5,1.78,1.95,,0.524,0.476,,1.5,2.65,1.44,,0.341,0.659,,,1.42,1.3,1.65,0.341,0.393,0.266,,1.67,2.12,,0.564,0.436,,,1.62,2.15,,0.576,0.424,
Soroksar SC - Diosgyori Vtk,NB II,09/08 12:30,Betano,3.7,3.85,1.78,0.242,0.231,0.527,2.5,1.6,2.07,,0.571,0.429,,1.5,2.32,1.47,,0.375,0.625,,,1.98,1.22,1.24,0.181,0.415,0.404,,2.65,1.37,,0.324,0.676,,,1.6,2.07,,0.571,0.429,
Csakvari TK - Kozarmisleny,NB II,09/08 12:30,Betano,2.35,3.25,2.82,0.395,0.280,0.325,2.5,1.83,1.78,,0.492,0.508,,0.5,1.4,2.52,,0.659,0.341,,,1.36,1.29,1.57,0.348,0.379,0.273,,1.65,1.98,,0.551,0.449,,,1.67,1.95,,0.543,0.457,
Szentlorinc SE - Nagykanizsai Ufc,NB II,09/08 12:30,Betano,2.18,3.35,3.0,0.426,0.270,0.304,2.5,1.75,1.87,,0.518,0.482,,1.5,2.52,1.4,,0.341,0.659,,,1.33,1.28,1.65,0.362,0.386,0.252,,1.57,2.12,,0.583,0.417,,,1.6,2.05,,0.569,0.431,
ESMTK Budapest - Hodmezovasarhelyi FC,NB III,09/08 12:30,Betano,1.16,6.2,11.75,0.813,0.129,0.057,3.5,1.93,1.7,,0.465,0.535,,1.5,1.95,1.62,,0.448,0.552,,,1.04,1.08,3.45,0.490,0.459,0.051,,1.04,6.7,,0.906,0.094,,,,,,,,
PTE PEAC - BFC Siofok,NB III,09/08 12:30,Betano,2.72,3.4,2.22,0.330,0.259,0.411,2.5,1.55,2.15,,0.590,0.410,,1.5,2.2,1.47,,0.387,0.613,,,1.53,1.26,1.37,0.278,0.386,0.336,,1.98,1.65,,0.449,0.551,,,,,,,,
Haladas VSE - Balatonalmadi SE,NB III,09/08 12:30,Betano,1.2,5.8,9.75,0.785,0.141,0.074,3.5,1.87,1.75,,0.482,0.518,,1.5,1.91,1.65,,0.459,0.541,,,1.05,1.1,3.7,0.496,0.457,0.047,,1.06,6.0,,0.888,0.112,,,,,,,,
Shelbourne Dublin - St Patricks Athletic,Primeira divisão,09/08 13:00,Betano,3.4,3.15,2.12,0.268,0.291,0.442,2.5,2.12,1.65,,0.433,0.567,,0.5,1.5,2.42,,0.627,0.373,,,1.7,1.32,1.32,0.247,0.377,0.377,,2.37,1.52,,0.382,0.618,,,1.87,1.83,,0.494,0.506,
Waterford FC - Bohemians FC,Primeira divisão,09/08 11:00,Betano,3.55,3.6,1.91,0.256,0.252,0.493,2.5,1.6,2.18,,0.583,0.417,,1.5,2.37,1.52,,0.382,0.618,,,1.87,1.26,1.3,0.209,0.406,0.386,,2.6,1.44,,0.345,0.655,,,1.55,2.32,,0.607,0.393,
Vikingur Reykjavik - IBV Vestmannaeyjar,Urvalsdeild,09/08 15:00,Betano,1.34,5.3,6.9,0.712,0.165,0.123,3.5,1.83,1.88,,0.507,0.493,,1.5,1.93,1.78,,0.478,0.522,,,1.1,1.14,3.25,0.481,0.453,0.067,,1.13,5.1,,0.844,0.156,,,1.57,2.25,,0.596,0.404,
Stjarnan - Keflavik IF,Urvalsdeild,09/08 15:00,Betano,1.85,4.1,3.35,0.509,0.219,0.272,3.5,1.67,2.07,,0.558,0.442,,1.5,1.83,1.87,,0.506,0.494,,,1.33,1.22,1.93,0.373,0.429,0.198,,1.45,2.55,,0.649,0.351,,,1.3,3.25,,0.731,0.269,
IA Akranes - Thor Akureyri,Urvalsdeild,09/08 15:00,Betano,1.47,4.8,5.2,0.647,0.184,0.169,3.5,1.75,1.95,,0.529,0.471,,1.5,1.9,1.8,,0.485,0.515,,,1.15,1.17,2.65,0.455,0.442,0.103,,1.21,3.95,,0.787,0.213,,,1.44,2.62,,0.656,0.344,
KA Akureyri - FH Hafnarfjordur,Urvalsdeild,09/08 15:15,Betano,2.1,3.8,2.92,0.447,0.238,0.316,3.5,1.87,1.83,,0.494,0.506,,1.5,2.0,1.72,,0.459,0.541,,,1.4,1.24,1.72,0.342,0.417,0.242,,1.6,2.2,,0.585,0.415,,,1.34,3.0,,0.706,0.294,
Breidablik Kopavogur - Valur Reykjavik,Urvalsdeild,09/08 17:15,Betano,1.6,4.45,4.4,0.594,0.202,0.204,3.5,1.72,2.0,,0.541,0.459,,1.5,1.87,1.83,,0.494,0.506,,,1.21,1.19,2.35,0.427,0.439,0.134,,1.28,3.35,,0.741,0.259,,,1.36,2.9,,0.695,0.305,
Völsungur - HK,Lengjudeild,09/08 13:00,Betano,4.1,4.7,1.57,0.215,0.185,0.600,3.5,1.62,2.02,,0.561,0.439,,1.5,1.75,1.85,,0.515,0.485,,,2.32,1.17,1.2,0.133,0.442,0.424,,3.05,1.28,,0.273,0.727,,,1.33,2.8,,0.697,0.303,
Kormakur/Hvot - Throttur Vogar,2. deild,09/08 13:00,Betano,1.78,3.85,3.45,0.520,0.226,0.255,3.5,1.83,1.78,,0.492,0.508,,1.5,1.9,1.67,,0.464,0.536,,,1.25,1.22,1.83,0.391,0.407,0.202,,1.39,2.57,,0.665,0.335,,,,,,,,
Hapoel Jerusalém - Hapoel Petah Tikva,Toto Cup Ligat Al,09/08 14:00,Betano,2.42,3.0,2.9,0.382,0.304,0.315,2.5,1.95,1.67,,0.457,0.543,,0.5,1.44,2.4,,0.639,0.361,,,1.35,1.33,1.55,0.355,0.364,0.281,,1.67,1.95,,0.543,0.457,,,1.7,1.91,,0.532,0.468,
Maccabi Petah Tikva - Hapoel Ramat Gan,Toto Cup Ligat Al,09/08 14:00,Betano,2.65,3.15,2.55,0.348,0.289,0.363,2.5,1.82,1.78,,0.494,0.506,,0.5,1.4,2.52,,0.659,0.341,,,1.5,1.31,1.45,0.302,0.378,0.320,,1.83,1.78,,0.492,0.508,,,1.62,2.02,,0.561,0.439,
Jelgava - FK Auda,Virsliga,09/08 10:00,Betano,2.82,3.25,2.25,0.319,0.274,0.407,2.5,1.78,1.82,,0.506,0.494,,1.5,2.5,1.37,,0.335,0.665,,,1.53,1.28,1.35,0.279,0.377,0.345,,2.02,1.62,,0.439,0.561,,,,,,,,
SK Super Nova - FK Liepaja,Virsliga,09/08 10:00,Betano,3.35,3.35,1.95,0.264,0.264,0.472,2.5,1.67,1.95,,0.543,0.457,,1.5,2.35,1.42,,0.361,0.639,,,1.7,1.27,1.27,0.233,0.383,0.383,,2.37,1.45,,0.366,0.634,,,,,,,,
Riga FC - Ogre United,Virsliga,09/08 12:00,Betano,1.06,8.25,23.0,0.893,0.088,0.020,4.5,1.98,1.65,,0.449,0.551,,1.5,1.6,1.98,,0.560,0.440,,,,,,,,,,,,,,,,,,,,,,
FK Siauliai - Dziugas Telsiai,A Lyga,09/08 11:00,Betano,3.1,3.3,2.07,0.288,0.269,0.444,2.5,1.78,1.82,,0.506,0.494,,1.5,2.5,1.37,,0.335,0.665,,,1.62,1.28,1.3,0.253,0.378,0.368,,2.22,1.52,,0.396,0.604,,,,,,,,
FK Banga Gargzdai - FK Suduva,A Lyga,09/08 12:45,Betano,2.55,2.95,2.65,0.355,0.304,0.341,2.5,2.12,1.57,,0.417,0.583,,0.5,1.47,2.22,,0.615,0.385,,,1.39,1.33,1.42,0.329,0.354,0.317,,1.78,1.83,,0.508,0.492,,,,,,,,
Swift Hesperange - FC Wiltz 71,Division Nationale,09/08 13:00,Betano,3.65,3.7,1.78,0.241,0.237,0.522,2.5,1.6,2.07,,0.571,0.429,,1.5,2.27,1.45,,0.375,0.625,,,1.85,1.23,1.22,0.197,0.399,0.404,,2.67,1.36,,0.320,0.680,,,,,,,,
Jeunesse Esch - Atert Bissen,Division Nationale,09/08 14:00,Betano,5.3,3.85,1.52,0.158,0.227,0.615,2.5,1.7,1.91,,0.532,0.468,,1.5,2.4,1.4,,0.351,0.649,,,2.25,1.21,1.14,0.137,0.410,0.453,,3.7,1.19,,0.215,0.785,,,,,,,,
Victoria Rosport - US Mondorf-Les-Bains,Division Nationale,09/08 11:00,Betano,4.7,3.65,1.6,0.180,0.239,0.581,2.5,1.7,1.93,,0.535,0.465,,1.5,2.37,1.42,,0.359,0.641,,,2.05,1.23,1.16,0.163,0.398,0.439,,3.3,1.24,,0.248,0.752,,,,,,,,
Etzella Ettelbruck - Racing FC Union luxemburgo,Division Nationale,09/08 11:00,Betano,4.55,3.9,1.57,0.186,0.222,0.592,3.5,2.07,1.6,,0.429,0.571,,1.5,2.05,1.55,,0.421,0.579,,,2.1,1.21,1.17,0.156,0.410,0.434,,3.25,1.24,,0.251,0.749,,,,,,,,
F91 Dudelange - FC UNA Strassen,Division Nationale,09/08 11:00,Betano,2.27,3.4,2.67,0.402,0.260,0.338,2.5,1.72,1.9,,0.528,0.472,,1.5,2.4,1.4,,0.351,0.649,,,1.38,1.27,1.52,0.334,0.383,0.283,,1.67,1.95,,0.543,0.457,,,,,,,,
Un Kaerjeng 97 - US Hostert,Division Nationale,09/08 11:00,Betano,1.87,3.45,3.5,0.494,0.255,0.251,2.5,1.6,2.07,,0.571,0.429,,1.5,2.27,1.45,,0.375,0.625,,,1.25,1.26,1.75,0.392,0.387,0.221,,1.4,2.52,,0.659,0.341,,,,,,,,
Vardar Skopje - KF Shkendija Tetovo,Prva Liga,09/08 12:00,Betano,2.15,3.3,2.92,0.426,0.268,0.306,2.5,1.78,1.82,,0.506,0.494,,1.5,2.5,1.37,,0.335,0.665,,,1.33,1.28,1.57,0.355,0.378,0.268,,1.57,2.1,,0.580,0.420,,,,,,,,
FK Skopje - FC Struga Trim-Lum,Prva Liga,09/08 12:00,Betano,5.0,3.8,1.55,0.168,0.230,0.602,2.5,1.82,1.78,,0.494,0.506,,0.5,1.36,2.52,,0.669,0.331,,,2.18,1.21,1.14,0.144,0.407,0.449,,3.55,1.21,,0.228,0.772,,,,,,,,
Masters - CIVO United,Super Liga,09/08 09:30,Betano,2.07,3.0,3.35,0.442,0.296,0.262,1.5,1.47,2.32,,0.625,0.375,,0.5,1.52,2.12,,0.593,0.407,,,1.27,1.32,1.6,0.383,0.359,0.259,,1.47,2.32,,0.625,0.375,,,,,,,,
Mitundu Baptist - Karonga United,Super Liga,09/08 09:30,Betano,1.78,3.05,4.5,0.519,0.292,0.189,1.5,1.52,2.22,,0.604,0.396,,0.5,1.55,2.05,,0.579,0.421,,,1.18,1.3,1.83,0.430,0.367,0.203,,1.29,3.0,,0.721,0.279,,,,,,,,
Big Bullets - Chitipa United,Super Liga,09/08 09:30,Betano,1.26,4.45,11.0,0.746,0.191,0.063,2.5,2.05,1.62,,0.435,0.565,,0.5,1.42,2.35,,0.639,0.361,,,1.05,1.15,3.2,0.504,0.431,0.065,,1.06,6.1,,0.890,0.110,,,,,,,,
Red Lions - Kamuzu Barracks,Super Liga,09/08 09:30,Betano,2.07,2.87,3.6,0.444,0.313,0.244,2.5,2.27,1.5,,0.387,0.613,,0.5,1.52,2.12,,0.593,0.407,,,1.24,1.34,1.6,0.396,0.348,0.257,,1.44,2.4,,0.639,0.361,,,,,,,,
Black Bulls Maputo - Baia Pemba,Mocambola,09/08 13:00,Betano,1.35,4.1,8.25,0.696,0.211,0.093,2.5,2.02,1.62,,0.439,0.561,,0.5,1.42,2.35,,0.639,0.361,,,1.07,1.18,2.75,0.493,0.418,0.090,,1.09,5.1,,0.861,0.139,,,,,,,,
FC Sheriff Tiraspol - Dacia Buiucani,Divizia Nationala,09/08 14:00,Betano,1.34,4.5,7.0,0.699,0.189,0.112,3.5,2.07,1.6,,0.429,0.571,,1.5,2.05,1.55,,0.421,0.579,,,1.09,1.16,2.77,0.479,0.432,0.089,,1.11,4.75,,0.845,0.155,,,,,,,,
FC Zimbru Chisinau - FC Petrocub Hincesti,Divizia Nationala,09/08 14:00,Betano,2.4,3.2,2.62,0.378,0.277,0.344,2.5,2.02,1.62,,0.439,0.561,,0.5,1.42,2.35,,0.639,0.361,,,1.39,1.29,1.47,0.329,0.372,0.299,,1.72,1.88,,0.525,0.475,,,,,,,,
FK Otrant-Olympic Ulcinj - OFK Petrovac,Prva liga,09/08 15:00,Betano,2.77,2.92,2.6,0.332,0.314,0.355,2.5,2.2,1.53,,0.400,0.600,,0.5,1.52,2.22,,0.604,0.396,,,1.47,1.34,1.42,0.310,0.362,0.328,,1.87,1.75,,0.482,0.518,,,1.87,1.75,,0.482,0.518,
FK Bokelj Kotor - FK Sutjeska,Prva liga,09/08 15:00,Betano,3.15,2.85,2.4,0.290,0.323,0.387,1.5,1.47,2.32,,0.625,0.375,,0.5,1.57,2.12,,0.583,0.417,,,1.55,1.36,1.31,0.280,0.349,0.371,,2.05,1.6,,0.431,0.569,,,1.95,1.67,,0.457,0.543,
Jezero Plav - Mladost DG,Prva liga,09/08 15:00,Betano,2.87,2.87,2.55,0.319,0.319,0.362,2.5,2.2,1.52,,0.398,0.602,,0.5,1.52,2.2,,0.602,0.398,,,1.5,1.35,1.35,0.295,0.352,0.352,,1.9,1.72,,0.472,0.528,,,1.85,1.75,,0.485,0.515,
San Marcos FC - UNAN Managua,Primeira Divisão,09/08 20:00,Betano,3.15,3.35,2.12,0.289,0.271,0.440,2.5,1.75,1.87,,0.518,0.482,,1.5,2.52,1.4,,0.341,0.659,,,1.7,1.28,1.31,0.240,0.387,0.373,,2.2,1.53,,0.400,0.600,,,1.6,2.05,,0.569,0.431,
Indigenas de Matagalpa - Managua,Primeira Divisão,09/08 22:00,Betano,4.3,3.85,1.67,0.205,0.232,0.563,2.5,1.65,1.98,,0.551,0.449,,1.5,2.4,1.44,,0.361,0.639,,,2.15,1.22,1.19,0.155,0.414,0.431,,3.0,1.29,,0.279,0.721,,,1.67,1.95,,0.543,0.457,
Lillestrom SK - Rosenborg,Eliteserien,09/08 09:30,Betano,2.3,3.45,2.87,0.409,0.267,0.324,2.5,1.62,2.22,,0.583,0.417,,1.5,2.4,1.53,,0.382,0.618,,,1.44,1.29,1.62,0.331,0.396,0.272,,1.7,2.07,,0.553,0.447,,,1.5,2.42,,0.627,0.373,
Ham-Kam - Aalesunds FK,Eliteserien,09/08 12:00,Betano,2.1,3.55,3.25,0.452,0.261,0.287,3.5,2.2,1.62,,0.419,0.581,,1.5,2.25,1.6,,0.410,0.590,,,1.36,1.28,1.75,0.363,0.400,0.238,,1.55,2.35,,0.610,0.390,,,1.42,2.65,,0.663,0.337,
Kristiansund BK - Molde FK,Eliteserien,09/08 14:15,Betano,4.5,3.9,1.7,0.202,0.236,0.562,3.5,2.25,1.6,,0.410,0.590,,1.5,2.27,1.6,,0.408,0.592,,,2.2,1.24,1.22,0.156,0.417,0.428,,3.3,1.3,,0.267,0.733,,,1.52,2.37,,0.618,0.382,
Aasane Fotball - Kongsvinger,1. divisjon,09/08 12:00,Betano,6.0,5.0,1.4,0.144,0.176,0.680,3.5,1.7,2.05,,0.550,0.450,,1.5,1.85,1.87,,0.503,0.497,,,2.95,1.16,1.12,0.083,0.445,0.472,,4.5,1.17,,0.184,0.816,,,1.44,2.62,,0.656,0.344,
Sogndal IL - Bryne FK,1. divisjon,09/08 12:00,Betano,2.87,3.6,2.2,0.322,0.253,0.426,3.5,2.12,1.65,,0.433,0.567,,1.5,2.15,1.62,,0.424,0.576,,,1.67,1.26,1.42,0.256,0.408,0.336,,2.12,1.65,,0.433,0.567,,,1.42,2.67,,0.665,0.335,
FK Haugesund - Raufoss  Fotball,1. divisjon,09/08 12:00,Betano,1.34,5.7,6.5,0.714,0.154,0.132,3.5,1.6,2.18,,0.583,0.417,,1.5,1.78,1.93,,0.522,0.478,,,1.11,1.13,3.3,0.475,0.461,0.065,,1.14,4.9,,0.837,0.163,,,1.45,2.57,,0.650,0.350,
Stromsgodset - Egersunds,1. divisjon,09/08 12:00,Betano,1.4,5.0,5.9,0.679,0.175,0.145,3.5,1.7,2.02,,0.547,0.453,,1.5,1.85,1.85,,0.500,0.500,,,1.13,1.15,2.92,0.465,0.451,0.084,,1.17,4.45,,0.815,0.185,,,1.44,2.6,,0.655,0.345,
Sandnes Ulf - Hodd,1. divisjon,09/08 12:00,Betano,1.95,3.6,3.4,0.481,0.251,0.267,2.5,1.6,2.22,,0.587,0.413,,1.5,2.35,1.53,,0.386,0.614,,,1.32,1.26,1.83,0.377,0.406,0.217,,1.47,2.5,,0.640,0.360,,,1.53,2.35,,0.614,0.386,
Strommen IF - Ranheim,1. divisjon,09/08 12:00,Betano,2.25,3.9,2.65,0.417,0.232,0.351,3.5,1.72,2.0,,0.541,0.459,,1.5,1.88,1.82,,0.491,0.509,,,1.47,1.24,1.65,0.318,0.420,0.262,,1.72,2.0,,0.541,0.459,,,1.29,3.25,,0.734,0.266,
Brattvåg - Lysekloster,2. divisjon,09/08 09:30,Betano,1.32,5.1,7.4,0.720,0.170,0.111,3.5,1.87,1.75,,0.482,0.518,,1.5,1.95,1.67,,0.457,0.543,,,1.09,1.14,3.3,0.486,0.450,0.064,,1.11,4.8,,0.846,0.154,,,1.62,2.05,,0.565,0.435,
Tromsdalen - Lorenskog,2. divisjon,09/08 10:30,Betano,2.0,3.6,3.2,0.467,0.250,0.283,3.5,2.12,1.57,,0.417,0.583,,1.5,2.15,1.55,,0.410,0.590,,,1.3,1.25,1.75,0.375,0.400,0.226,,1.5,2.27,,0.613,0.387,,,1.42,2.45,,0.648,0.352,
Raelingen - Raade IL,3. divisjon,09/08 11:00,Betano,4.45,5.0,1.45,0.190,0.167,0.643,4.5,1.87,1.75,,0.482,0.518,,1.5,1.55,2.05,,0.579,0.421,,,2.37,1.14,1.17,0.122,0.448,0.429,,3.4,1.22,,0.237,0.763,,,,,,,,
Sporting San Miguelito - Alianza FC Panama,LPF,09/08 20:15,Betano,4.4,3.5,1.72,0.199,0.256,0.545,2.5,2.07,1.6,,0.429,0.571,,0.5,1.45,2.37,,0.634,0.366,,,2.05,1.26,1.2,0.172,0.398,0.431,,3.0,1.29,,0.279,0.721,,,2.0,1.65,,0.447,0.553,
Union Cocle - Veraguas,LPF,09/08 18:00,Betano,3.65,3.3,1.95,0.246,0.274,0.480,2.5,2.12,1.57,,0.417,0.583,,0.5,1.47,2.32,,0.625,0.375,,,1.8,1.28,1.27,0.218,0.389,0.394,,2.5,1.4,,0.343,0.657,,,1.93,1.7,,0.465,0.535,
FC Panama Norte - Olympic Colon FC,Liga de Futbol Nacional,09/08 17:00,Betano,2.1,3.65,2.8,0.438,0.241,0.322,3.5,2.02,1.62,,0.439,0.561,,1.5,2.02,1.57,,0.429,0.571,,,1.35,1.24,1.6,0.345,0.397,0.258,,1.6,2.07,,0.571,0.429,,,,,,,,
Sportivo San Lorenzo - Sportivo Luqueno,Primeira Divisão,09/08 16:00,Betano,3.15,3.0,2.37,0.294,0.310,0.397,2.5,2.25,1.6,,0.410,0.590,,0.5,1.53,2.4,,0.618,0.382,,,1.6,1.36,1.38,0.279,0.365,0.356,,2.15,1.65,,0.430,0.570,,,1.9,1.82,,0.488,0.512,
Nacional Asuncion - Guarani Asuncion,Primeira Divisão,09/08 18:30,Betano,2.22,3.1,3.4,0.427,0.301,0.273,2.5,2.3,1.57,,0.399,0.601,,0.5,1.55,2.35,,0.610,0.390,,,1.33,1.34,1.67,0.374,0.370,0.256,,1.55,2.35,,0.610,0.390,,,1.95,1.75,,0.471,0.529,
Carapegua - Club Fernando de la Mora,Division Intermedia,09/08 10:00,Betano,2.45,3.2,2.72,0.378,0.284,0.338,2.5,1.87,1.75,,0.482,0.518,,0.5,1.4,2.5,,0.657,0.343,,,1.38,1.3,1.53,0.340,0.375,0.285,,1.72,1.9,,0.528,0.472,,,1.67,1.95,,0.543,0.457,
Benjamin Aceval - 3 de Noviembre,Division Intermedia,09/08 10:00,Betano,1.78,3.35,4.4,0.528,0.271,0.201,2.5,2.0,1.65,,0.447,0.553,,0.5,1.45,2.37,,0.634,0.366,,,1.19,1.27,2.0,0.433,0.389,0.178,,1.3,2.95,,0.715,0.285,,,1.9,1.72,,0.472,0.528,
24 de Setiembre - Cristobal Colon JAS,Tercera División,09/08 10:00,Betano,1.83,3.2,3.95,0.504,0.277,0.219,2.5,1.72,1.9,,0.528,0.472,,1.5,2.4,1.4,,0.351,0.649,,,1.21,1.28,1.8,0.414,0.377,0.209,,1.34,2.75,,0.691,0.309,,,,,,,,
29 de Setiembre - 3 de Febrero FBC,Tercera División,09/08 15:00,Betano,1.88,3.35,3.55,0.490,0.263,0.247,2.5,1.8,1.8,,0.500,0.500,,0.5,1.37,2.5,,0.665,0.335,,,1.24,1.26,1.75,0.396,0.385,0.219,,1.4,2.55,,0.661,0.339,,,,,,,,
Club 12 de Octubre SD - Atletico Colegiales,Tercera División,09/08 15:00,Betano,1.52,3.8,5.2,0.612,0.228,0.160,2.5,1.6,2.07,,0.571,0.429,,1.5,2.25,1.45,,0.377,0.623,,,1.14,1.21,2.22,0.451,0.409,0.140,,1.2,3.65,,0.780,0.220,,,,,,,,
Olimpia Ita - Club Silvio Pettirossi,Tercera División,09/08 15:00,Betano,2.02,3.25,3.3,0.457,0.274,0.269,2.5,1.67,1.95,,0.543,0.457,,1.5,2.37,1.42,,0.359,0.641,,,1.28,1.28,1.65,0.378,0.378,0.245,,1.47,2.32,,0.625,0.375,,,,,,,,
FBC Melgar - FC Cajamarca,Liga 1,09/08 17:30,Betano,1.3,4.85,8.75,0.731,0.179,0.090,2.5,1.55,2.3,,0.605,0.395,,1.5,2.3,1.55,,0.395,0.605,,,1.07,1.15,3.5,0.500,0.443,0.057,,1.09,6.1,,0.877,0.123,,,1.9,1.8,,0.485,0.515,
Universidad Cesar Vallejo - Molinos El Pirata,Liga 2,09/08 15:15,Betano,1.57,3.55,5.3,0.594,0.248,0.158,2.5,1.91,1.7,,0.468,0.532,,0.5,1.4,2.4,,0.649,0.351,,,1.14,1.24,2.12,0.453,0.394,0.153,,1.2,3.6,,0.778,0.222,,,,,,,,
Ayacucho FC - CD Estudiantil CNI,Liga 2,09/08 13:00,Betano,1.65,3.45,4.65,0.563,0.255,0.182,2.5,2.12,1.57,,0.417,0.583,,0.5,1.45,2.27,,0.625,0.375,,,1.16,1.25,1.98,0.439,0.388,0.174,,1.25,3.2,,0.744,0.256,,,,,,,,
AD Comerciantes FC - Bentin Tacna Heroica,Liga 2,09/08 17:30,Betano,1.82,3.1,4.2,0.508,0.287,0.205,2.5,2.12,1.57,,0.417,0.583,,0.5,1.47,2.22,,0.615,0.385,,,1.19,1.3,1.8,0.424,0.367,0.209,,1.32,2.85,,0.703,0.297,,,,,,,,
Slask Wroclaw - Cracovia Kraków,Ekstraklasa,09/08 09:45,Betano,2.47,3.2,2.82,0.380,0.289,0.331,2.5,1.95,1.78,,0.476,0.524,,0.5,1.45,2.62,,0.654,0.346,,,1.45,1.33,1.55,0.328,0.378,0.294,,1.75,2.0,,0.536,0.464,,,1.72,2.0,,0.541,0.459,
Lech Poznan - Piast Gliwice,Ekstraklasa,09/08 12:30,Betano,1.57,4.3,5.0,0.609,0.211,0.180,2.5,1.57,2.32,,0.603,0.397,,1.5,2.15,1.65,,0.430,0.570,,,1.19,1.21,2.45,0.443,0.431,0.126,,1.25,3.7,,0.765,0.235,,,1.65,2.12,,0.567,0.433,
Jagiellonia Bialystok - Widzew Lodz,Ekstraklasa,09/08 15:15,Betano,2.35,3.2,3.0,0.401,0.289,0.310,2.5,2.0,1.75,,0.464,0.536,,0.5,1.45,2.6,,0.653,0.347,,,1.42,1.33,1.6,0.341,0.379,0.280,,1.67,2.1,,0.561,0.439,,,1.75,1.98,,0.533,0.467,
LKS Lodz - Chrobry Glogow,I liga,09/08 09:30,Betano,1.7,3.65,4.6,0.557,0.249,0.194,2.5,1.87,1.83,,0.494,0.506,,0.5,1.4,2.7,,0.672,0.328,,,1.2,1.25,2.15,0.434,0.406,0.159,,1.29,3.3,,0.736,0.264,,,1.85,1.87,,0.503,0.497,
Termalica Bruk-Bet Nieciecza - Warta Poznan,I liga,09/08 12:15,Betano,1.8,3.55,4.15,0.526,0.257,0.217,2.5,1.75,1.98,,0.533,0.467,,1.5,2.57,1.45,,0.350,0.650,,,1.24,1.26,2.0,0.414,0.403,0.183,,1.35,2.95,,0.701,0.299,,,1.67,2.07,,0.558,0.442,
Avia Swidnik - Sandecja Nowy Sacz,II Liga,09/08 09:30,Betano,2.75,3.25,2.4,0.334,0.280,0.386,2.5,1.72,1.88,,0.525,0.475,,1.5,2.5,1.4,,0.343,0.657,,,1.55,1.29,1.42,0.284,0.386,0.330,,1.93,1.7,,0.465,0.535,,,1.57,2.1,,0.580,0.420,
GKS Tychy 71 - GKS Olimpia Grudziadz,II Liga,09/08 14:30,Betano,1.98,3.35,3.45,0.471,0.269,0.260,2.5,1.78,1.82,,0.506,0.494,,0.5,1.38,2.57,,0.668,0.332,,,1.26,1.28,1.78,0.395,0.385,0.220,,1.44,2.4,,0.639,0.361,,,1.67,1.95,,0.543,0.457,
MKS Chojniczanka Chojnice - Znicz Pruszkow,II Liga,09/08 12:00,Betano,2.37,3.4,2.67,0.390,0.265,0.344,2.5,1.78,1.83,,0.508,0.492,,1.5,2.57,1.39,,0.335,0.665,,,1.45,1.27,1.55,0.319,0.396,0.285,,1.7,1.91,,0.532,0.468,,,1.65,1.98,,0.551,0.449,
Zaglebie Sosnowiec - LKS Goczalkowice Zdroj,III Liga,09/08 12:00,Betano,2.02,3.35,3.2,0.456,0.265,0.279,2.5,1.8,1.8,,0.500,0.500,,0.5,1.37,2.52,,0.667,0.333,,,1.29,1.27,1.65,0.373,0.382,0.245,,1.5,2.27,,0.613,0.387,,,,,,,,
KKS 1925 Kalisz - Unia Swarzedz,III Liga,09/08 12:00,Betano,2.1,3.4,2.92,0.436,0.259,0.306,2.5,1.82,1.8,,0.497,0.503,,0.5,1.36,2.52,,0.669,0.331,,,1.33,1.26,1.6,0.354,0.387,0.258,,1.55,2.15,,0.590,0.410,,,,,,,,
Star Starachowice - KSZO Ostrowiec,III Liga,09/08 13:00,Betano,3.75,3.45,1.8,0.232,0.255,0.513,2.5,1.65,1.98,,0.551,0.449,,1.5,2.35,1.42,,0.361,0.639,,,1.82,1.25,1.22,0.204,0.390,0.406,,2.7,1.35,,0.315,0.685,,,,,,,,
Radunia Stezyca - Gryf Wejherowo,IV Liga,09/08 12:00,Betano,2.32,3.4,2.6,0.393,0.260,0.348,2.5,1.65,2.0,,0.553,0.447,,1.5,2.32,1.44,,0.368,0.632,,,1.4,1.27,1.5,0.326,0.384,0.290,,1.72,1.9,,0.528,0.472,,,,,,,,
Znicz Biala Piska - KS Polonia Paslek,IV Liga,09/08 09:00,Betano,1.21,5.9,9.0,0.779,0.138,0.083,3.5,1.75,1.85,,0.515,0.485,,1.5,1.83,1.7,,0.479,0.521,,,1.06,1.1,3.1,0.482,0.452,0.066,,1.07,5.8,,0.881,0.119,,,,,,,,
Slavia Praga - FK Pardubice,1. liga,09/08 10:00,Betano,1.24,5.6,10.25,0.770,0.154,0.076,3.5,2.22,1.67,,0.426,0.574,,1.5,2.22,1.65,,0.422,0.578,,,1.06,1.12,4.1,0.503,0.457,0.040,,1.07,7.2,,0.898,0.102,,,1.98,1.78,,0.472,0.528,
FC Hradec Kralove - FC Banik Ostrava,1. liga,09/08 12:00,Betano,2.25,3.2,3.1,0.416,0.287,0.297,2.5,1.91,1.9,,0.499,0.501,,0.5,1.44,2.72,,0.663,0.337,,,1.37,1.32,1.65,0.358,0.380,0.262,,1.62,2.2,,0.581,0.419,,,1.67,2.1,,0.561,0.439,
FK Jablonec - 1. FC Slovacko,1. liga,09/08 12:00,Betano,1.75,3.45,4.55,0.540,0.264,0.196,2.5,1.9,1.91,,0.501,0.499,,1.5,2.62,1.47,,0.351,0.649,,,1.21,1.28,2.07,0.432,0.395,0.173,,1.31,3.3,,0.730,0.270,,,1.78,1.98,,0.528,0.472,
SK Artis Brno - SK Sigma Olomouc,1. liga,09/08 15:00,Betano,4.35,3.55,1.75,0.205,0.256,0.540,2.5,1.78,2.05,,0.537,0.463,,1.5,2.65,1.47,,0.349,0.651,,,2.07,1.27,1.23,0.175,0.402,0.423,,3.15,1.33,,0.283,0.717,,,1.7,2.07,,0.553,0.447,
FK Varnsdorf - SK Benatky Nad Jizerou,3. liga,09/08 12:00,Betano,1.57,3.65,4.15,0.577,0.227,0.196,3.5,2.1,1.57,,0.420,0.580,,1.5,2.07,1.55,,0.419,0.581,,,1.18,1.21,2.07,0.428,0.411,0.161,,1.26,3.2,,0.741,0.259,,,,,,,,
SK Sokol Brozany - FK Caslav,3. liga,09/08 12:00,Betano,1.7,3.7,3.45,0.532,0.225,0.244,3.5,2.18,1.53,,0.403,0.597,,1.5,2.12,1.52,,0.407,0.593,,,1.24,1.21,1.88,0.396,0.412,0.193,,1.36,2.67,,0.680,0.320,,,,,,,,
SK Dynamo Ceske Budejovice - Admira Praha,3. liga,09/08 12:00,Betano,2.05,3.45,2.67,0.433,0.243,0.324,3.5,2.15,1.55,,0.410,0.590,,1.5,2.1,1.53,,0.411,0.589,,,1.36,1.24,1.6,0.342,0.399,0.259,,1.6,2.07,,0.571,0.429,,,,,,,,
Sokol Zapy - Neratovice Byskovice,3. liga,09/08 12:00,Betano,1.44,3.95,4.9,0.633,0.207,0.160,3.5,1.91,1.7,,0.468,0.532,,1.5,1.95,1.62,,0.448,0.552,,,1.13,1.18,2.35,0.454,0.422,0.124,,1.19,3.75,,0.787,0.213,,,,,,,,
MFK Kravare - Tj Valasske Mezirici,4. liga,09/08 11:30,Betano,2.67,3.45,1.98,0.319,0.238,0.444,3.5,1.78,1.83,,0.508,0.492,,1.5,1.85,1.7,,0.476,0.524,,,1.62,1.23,1.35,0.253,0.403,0.345,,2.12,1.57,,0.417,0.583,,,,,,,,
Kozlovice - Bzenec,4. liga,09/08 11:30,Betano,1.65,3.6,3.45,0.540,0.225,0.236,3.5,2.0,1.65,,0.447,0.553,,1.5,2.0,1.6,,0.438,0.563,,,1.22,1.21,1.91,0.404,0.410,0.186,,1.34,2.77,,0.693,0.307,,,,,,,,
TJ Sokol Lanzhot - Tatran Vsechovice,4. liga,09/08 11:30,Betano,2.2,3.45,2.37,0.396,0.238,0.365,2.5,1.52,2.2,,0.602,0.398,,1.5,2.15,1.5,,0.399,0.601,,,1.42,1.24,1.5,0.316,0.396,0.288,,1.75,1.87,,0.518,0.482,,,,,,,,
Zdirec nad Doubravou - Sokol Tasovice,4. liga,09/08 11:30,Betano,1.93,3.25,2.87,0.455,0.253,0.292,2.5,1.53,2.2,,0.600,0.400,,1.5,2.15,1.5,,0.399,0.601,,,1.31,1.25,1.65,0.363,0.392,0.245,,1.5,2.25,,0.611,0.389,,,,,,,,
FC Spartak Velka Bites - Tatran Bohunice,4. liga,09/08 11:30,Betano,2.05,3.1,2.77,0.427,0.268,0.305,2.5,1.65,2.0,,0.553,0.447,,1.5,2.32,1.44,,0.368,0.632,,,1.33,1.27,1.57,0.353,0.381,0.266,,1.57,2.12,,0.583,0.417,,,,,,,,
FK Dvur Kralove - FC Slavia Hradec Kralove,4. liga,09/08 12:00,Betano,2.15,3.35,2.47,0.406,0.246,0.348,3.5,2.07,1.6,,0.429,0.571,,1.5,2.07,1.55,,0.419,0.581,,,1.4,1.25,1.52,0.325,0.393,0.282,,1.7,1.93,,0.535,0.465,,,,,,,,
Tj Sokol Rozstani - Sedmihorky,Krajsky prebor,09/08 09:00,Betano,1.78,3.85,2.9,0.500,0.210,0.291,3.5,1.72,1.9,,0.528,0.472,,1.5,1.8,1.75,,0.492,0.508,,,1.3,1.19,1.78,0.365,0.423,0.212,,1.45,2.37,,0.634,0.366,,,,,,,,
FS Napajedla - Stitna nad Vlar,Krajsky prebor,09/08 10:00,Betano,2.02,3.55,2.55,0.435,0.230,0.336,3.5,1.93,1.7,,0.465,0.535,,1.5,1.95,1.62,,0.448,0.552,,,1.38,1.23,1.6,0.335,0.405,0.260,,1.62,2.02,,0.561,0.439,,,,,,,,
TJ Nova Ves - Kamenice Nad Lipou,Krajsky prebor,09/08 11:30,Betano,1.72,3.85,3.0,0.515,0.207,0.277,3.5,1.75,1.85,,0.515,0.485,,1.5,1.83,1.72,,0.483,0.517,,,1.28,1.19,1.82,0.374,0.422,0.203,,1.42,2.47,,0.650,0.350,,,,,,,,
Luka Nad Jihlavou - Slavoj Polna,Krajsky prebor,09/08 11:30,Betano,2.62,3.6,1.95,0.324,0.225,0.450,3.5,1.95,1.67,,0.457,0.543,,1.5,1.98,1.6,,0.440,0.560,,,1.62,1.22,1.36,0.252,0.408,0.340,,2.1,1.57,,0.420,0.580,,,,,,,,
FC Moravsky Krumlov - Banik Ratiskovice,Krajsky prebor,09/08 12:00,Betano,2.2,3.55,2.3,0.395,0.229,0.376,3.5,1.98,1.65,,0.449,0.551,,1.5,1.98,1.6,,0.440,0.560,,,1.45,1.22,1.5,0.305,0.407,0.288,,1.78,1.83,,0.508,0.492,,,,,,,,
SK Moravske Kninice - Bosonohy,Krajsky prebor,09/08 12:00,Betano,2.85,3.65,1.83,0.295,0.222,0.483,3.5,1.95,1.67,,0.457,0.543,,1.5,1.98,1.6,,0.440,0.560,,,1.72,1.21,1.31,0.226,0.412,0.361,,2.27,1.5,,0.387,0.613,,,,,,,,
Petrolul Ploiesti - FC Otelul Galati,Liga 1,09/08 12:30,Betano,2.72,3.05,2.6,0.341,0.302,0.357,2.5,2.3,1.62,,0.409,0.591,,0.5,1.53,2.45,,0.623,0.377,,,1.5,1.34,1.47,0.309,0.372,0.319,,1.91,1.83,,0.489,0.511,,,1.91,1.83,,0.489,0.511,
Universitatea Craiova - FC Arges Pitesti,Liga 1,09/08 15:30,Betano,1.6,3.6,5.5,0.591,0.251,0.157,2.5,2.15,1.7,,0.438,0.562,,0.5,1.5,2.57,,0.639,0.361,,,1.16,1.26,2.32,0.459,0.402,0.139,,1.23,3.95,,0.780,0.220,,,2.12,1.67,,0.436,0.564,
FC Chindia Targoviste - FC Metaloglobus Bucuresti,Liga 2,09/08 10:30,Betano,1.83,3.45,4.1,0.516,0.264,0.219,2.5,1.85,1.85,,0.500,0.500,,0.5,1.42,2.67,,0.665,0.335,,,1.24,1.28,1.95,0.414,0.394,0.192,,1.36,2.9,,0.695,0.305,,,1.75,1.95,,0.529,0.471,
CD Cacahuatique - CD Fuerte San Francisco,Primeira Divisão,09/08 18:00,Betano,2.0,3.3,3.45,0.466,0.273,0.261,2.5,2.0,1.65,,0.447,0.553,,0.5,1.44,2.42,,0.641,0.359,,,1.26,1.28,1.78,0.395,0.385,0.220,,1.45,2.4,,0.636,0.364,,,1.83,1.78,,0.492,0.508,
CD FAS - Atletico Balboa,Primeira Divisão,09/08 20:30,Betano,1.39,4.35,7.0,0.681,0.202,0.117,2.5,1.75,1.85,,0.515,0.485,,1.5,2.55,1.39,,0.336,0.664,,,1.1,1.18,2.87,0.483,0.430,0.086,,1.13,4.5,,0.831,0.169,,,2.02,1.62,,0.439,0.561,
FK Vojvodina Novi Sad - FK Radnik Surdulica,SuperLiga,09/08 15:00,Betano,1.31,4.6,8.5,0.721,0.188,0.091,2.5,1.67,2.07,,0.558,0.442,,1.5,2.5,1.47,,0.360,0.640,,,1.07,1.16,3.4,0.502,0.438,0.060,,1.1,6.0,,0.871,0.129,,,2.05,1.7,,0.450,0.550,
FK Macva Sabac - IMT Novi Beograd,SuperLiga,09/08 15:00,Betano,3.85,3.25,1.88,0.229,0.276,0.495,2.5,2.05,1.7,,0.450,0.550,,0.5,1.47,2.5,,0.640,0.360,,,1.88,1.29,1.25,0.204,0.388,0.408,,2.77,1.39,,0.321,0.679,,,1.88,1.82,,0.491,0.509,
OFK Beograd - Zeleznicar Pancevo,SuperLiga,09/08 16:00,Betano,2.32,3.3,2.72,0.396,0.271,0.334,2.5,1.7,2.05,,0.550,0.450,,1.5,2.5,1.47,,0.360,0.640,,,1.44,1.29,1.57,0.327,0.391,0.283,,1.72,2.0,,0.541,0.459,,,1.55,2.3,,0.605,0.395,
FK Mladost Lucani - FK Cukaricki,SuperLiga,09/08 16:00,Betano,2.5,2.72,3.0,0.366,0.334,0.301,2.5,2.07,1.67,,0.442,0.558,,0.5,1.52,2.37,,0.618,0.382,,,1.38,1.39,1.52,0.352,0.348,0.300,,1.7,2.02,,0.547,0.453,,,1.72,2.0,,0.541,0.459,
FK Graficar Beograd - FK Smederevo,Prva Liga,09/08 12:30,Betano,2.05,2.95,3.5,0.447,0.302,0.251,2.5,2.22,1.52,,0.396,0.604,,0.5,1.5,2.15,,0.601,0.399,,,1.25,1.32,1.62,0.391,0.357,0.252,,1.45,2.37,,0.634,0.366,,,,,,,,
TSC Backa Topola - Javor Ivanjica,Prva Liga,09/08 15:00,Betano,1.83,3.5,3.6,0.505,0.251,0.244,2.5,1.85,1.75,,0.485,0.515,,0.5,1.38,2.47,,0.660,0.340,,,1.24,1.25,1.78,0.396,0.391,0.213,,1.38,2.6,,0.670,0.330,,,,,,,,
Hammarby IF - BK Hacken,Allsvenskan,09/08 09:00,Betano,1.55,4.45,5.0,0.617,0.204,0.179,3.5,1.87,1.88,,0.501,0.499,,1.5,2.0,1.75,,0.464,0.536,,,1.19,1.2,2.5,0.442,0.436,0.121,,1.24,3.75,,0.770,0.230,,,1.42,2.65,,0.663,0.337,
Malmo FF - Degerfors IF,Allsvenskan,09/08 09:00,Betano,1.5,4.1,6.4,0.639,0.223,0.137,2.5,1.67,2.12,,0.564,0.436,,1.5,2.47,1.5,,0.369,0.631,,,1.13,1.22,2.67,0.476,0.420,0.105,,1.17,4.6,,0.819,0.181,,,1.75,1.98,,0.533,0.467,
Halmstads BK - GAIS Göteborg,Allsvenskan,09/08 11:30,Betano,4.9,3.75,1.67,0.184,0.245,0.572,2.5,1.82,1.93,,0.516,0.484,,1.5,2.67,1.44,,0.340,0.660,,,2.25,1.26,1.2,0.150,0.408,0.441,,3.5,1.27,,0.249,0.751,,,1.78,1.93,,0.522,0.478,
IFK Goteborg - Kalmar FF,Allsvenskan,09/08 11:30,Betano,2.4,3.35,2.65,0.385,0.269,0.346,2.5,1.7,2.07,,0.553,0.447,,1.5,2.55,1.47,,0.356,0.644,,,1.47,1.3,1.57,0.321,0.392,0.287,,1.78,1.95,,0.524,0.476,,,1.55,2.3,,0.605,0.395,
Varbergs BOIS FC - Sandvikens IF,Superettan,09/08 10:00,Betano,1.87,3.7,3.65,0.505,0.246,0.249,2.5,1.57,2.25,,0.596,0.404,,1.5,2.35,1.53,,0.386,0.614,,,1.28,1.25,1.93,0.394,0.410,0.196,,1.42,2.67,,0.665,0.335,,,1.55,2.32,,0.607,0.393,
Hammarby TFF - FBK Karlstad,Ettan,09/08 11:00,Betano,1.39,4.85,6.1,0.682,0.180,0.138,3.5,1.95,1.67,,0.457,0.543,,1.5,2.02,1.62,,0.439,0.561,,,1.11,1.15,2.9,0.472,0.445,0.083,,1.15,4.15,,0.814,0.186,,,1.6,2.07,,0.571,0.429,
Arlanda - Pitea IF,Ettan,09/08 12:00,Betano,1.42,4.55,5.9,0.665,0.192,0.143,3.5,2.18,1.53,,0.403,0.597,,1.5,2.18,1.53,,0.403,0.597,,,1.12,1.17,2.75,0.469,0.437,0.094,,1.16,4.0,,0.806,0.194,,,1.67,1.95,,0.543,0.457,
Jonkopings Sodra - BK Olympic,Ettan,09/08 11:00,Betano,1.75,3.85,3.9,0.538,0.233,0.229,2.5,1.6,2.07,,0.571,0.429,,1.5,2.32,1.47,,0.375,0.625,,,1.22,1.22,2.05,0.415,0.415,0.169,,1.33,2.8,,0.697,0.303,,,1.6,2.07,,0.571,0.429,
Assyriska FF - Sollentuna United FF,Ettan,09/08 13:00,Betano,2.27,3.45,2.8,0.410,0.262,0.328,2.5,1.62,2.02,,0.561,0.439,,1.5,2.37,1.45,,0.366,0.634,,,1.37,1.27,1.6,0.345,0.390,0.265,,1.65,2.0,,0.553,0.447,,,1.53,2.2,,0.600,0.400,
IFK Trelleborg - Vaxjo Norra,2.ª divisão,09/08 10:00,Betano,2.05,3.45,3.2,0.455,0.261,0.284,2.5,1.57,2.12,,0.583,0.417,,1.5,2.27,1.5,,0.387,0.613,,,1.3,1.26,1.75,0.376,0.396,0.227,,1.5,2.27,,0.613,0.387,,,1.5,2.27,,0.613,0.387,
Dalstorps IF - IK Kongahalla,2.ª divisão,09/08 09:00,Betano,1.5,4.25,5.4,0.631,0.209,0.160,3.5,2.15,1.55,,0.410,0.590,,1.5,2.15,1.55,,0.410,0.590,,,1.14,1.19,2.52,0.459,0.428,0.113,,1.19,3.7,,0.785,0.215,,,1.6,2.07,,0.571,0.429,
Motala AIK FK - Husqvarna FF,2.ª divisão,09/08 09:00,Betano,3.75,3.55,1.85,0.239,0.254,0.507,2.5,1.55,2.15,,0.590,0.410,,1.5,2.27,1.5,,0.387,0.613,,,1.91,1.25,1.23,0.192,0.398,0.409,,2.62,1.37,,0.326,0.674,,,1.5,2.25,,0.611,0.389,
Lindo FF - Fittja IF,2.ª divisão,09/08 10:00,Betano,2.1,3.6,3.0,0.445,0.250,0.305,3.5,2.1,1.57,,0.420,0.580,,1.5,2.12,1.57,,0.417,0.583,,,1.33,1.25,1.7,0.361,0.400,0.238,,1.55,2.15,,0.590,0.410,,,1.42,2.47,,0.650,0.350,
Helges IF - Bollstanas SK,2.ª divisão,09/08 11:00,Betano,3.9,4.1,1.7,0.229,0.217,0.554,3.5,1.78,1.83,,0.508,0.492,,1.5,1.88,1.72,,0.475,0.525,,,2.1,1.21,1.22,0.163,0.422,0.416,,2.82,1.32,,0.299,0.701,,,1.35,2.72,,0.687,0.313,
FC Lugano - FC Zurich,Super Liga,09/08 09:00,Betano,1.47,4.5,6.0,0.652,0.201,0.147,3.5,2.3,1.57,,0.399,0.601,,1.5,2.27,1.6,,0.408,0.592,,,1.15,1.19,2.75,0.463,0.438,0.099,,1.18,4.4,,0.810,0.190,,,1.67,2.07,,0.558,0.442,
Basel - FC Thun,Super Liga,09/08 11:30,Betano,1.83,4.0,3.65,0.520,0.228,0.252,3.5,2.05,1.72,,0.453,0.547,,1.5,2.12,1.67,,0.436,0.564,,,1.3,1.23,2.0,0.389,0.425,0.187,,1.42,2.75,,0.670,0.330,,,1.42,2.65,,0.663,0.337,
FC St. Gallen - Luzern,Super Liga,09/08 11:30,Betano,1.87,3.85,3.65,0.509,0.239,0.253,3.5,1.95,1.8,,0.479,0.521,,1.5,2.05,1.72,,0.453,0.547,,,1.3,1.25,1.95,0.389,0.415,0.196,,1.42,2.7,,0.667,0.333,,,1.37,2.85,,0.690,0.310,
FC Sion - FC Vaduz,Super Liga,09/08 11:30,Betano,1.39,4.9,6.8,0.690,0.183,0.127,3.5,2.12,1.67,,0.436,0.564,,1.5,2.15,1.65,,0.430,0.570,,,1.12,1.17,3.05,0.477,0.444,0.079,,1.15,5.0,,0.835,0.165,,,1.67,2.07,,0.558,0.442,
FC Biel/Bienne 1896 - SC YF Juventus Zürich,Promotion League,09/08 10:00,Betano,1.62,4.1,4.3,0.580,0.215,0.204,3.5,2.12,1.57,,0.417,0.583,,1.5,2.12,1.57,,0.417,0.583,,,1.19,1.2,2.2,0.429,0.424,0.147,,1.28,3.05,,0.727,0.273,,,1.52,2.22,,0.604,0.396,
Amical Saint-Prex - AC Bellinzona,Promotion League,09/08 10:00,Betano,3.5,4.0,1.8,0.257,0.222,0.521,3.5,2.12,1.57,,0.417,0.583,,1.5,2.12,1.57,,0.417,0.583,,,1.95,1.21,1.26,0.186,0.421,0.394,,2.57,1.39,,0.335,0.665,,,1.47,2.32,,0.625,0.375,
FC Gossau - FC Freienbach,1. Liga Classic,09/08 09:00,Betano,3.5,3.85,1.78,0.252,0.227,0.521,3.5,2.15,1.55,,0.410,0.590,,1.5,2.12,1.52,,0.407,0.593,,,1.85,1.22,1.24,0.198,0.406,0.395,,2.6,1.38,,0.330,0.670,,,,,,,,
FC Courtetelle - FC Wohlen,1. Liga Classic,09/08 09:30,Betano,2.1,3.4,2.95,0.437,0.260,0.303,2.5,1.67,1.95,,0.543,0.457,,1.5,2.35,1.42,,0.361,0.639,,,1.32,1.26,1.6,0.357,0.386,0.257,,1.55,2.15,,0.590,0.410,,,,,,,,
FC Munsingen - FC Concordia Basel,1. Liga Classic,09/08 09:30,Betano,2.3,3.45,2.6,0.397,0.256,0.348,3.5,2.2,1.52,,0.398,0.602,,1.5,2.15,1.5,,0.399,0.601,,,1.4,1.26,1.5,0.325,0.387,0.289,,1.7,1.91,,0.532,0.468,,,,,,,,
AS Sariyer - Muglaspor,TFF 1. Lig,09/08 13:00,Betano,1.85,3.15,4.5,0.510,0.291,0.198,2.5,1.87,1.83,,0.494,0.506,,0.5,1.44,2.57,,0.653,0.347,,,1.21,1.32,1.93,0.431,0.374,0.195,,1.33,3.05,,0.712,0.288,,,1.7,2.02,,0.547,0.453,
Igdir Belediyespor - Fatih Karagumruk SK,TFF 1. Lig,09/08 13:00,Betano,2.42,3.25,2.77,0.385,0.281,0.334,2.5,1.87,1.83,,0.494,0.506,,0.5,1.42,2.67,,0.665,0.335,,,1.44,1.31,1.57,0.330,0.385,0.286,,1.72,2.0,,0.541,0.459,,,1.67,2.07,,0.558,0.442,
Belediye Vanspor - Kayserispor,TFF 1. Lig,09/08 15:30,Betano,3.1,3.25,2.22,0.296,0.282,0.422,2.5,1.85,1.87,,0.503,0.497,,0.5,1.42,2.67,,0.665,0.335,,,1.65,1.3,1.37,0.260,0.386,0.354,,2.2,1.6,,0.415,0.585,,,1.67,2.07,,0.558,0.442,
Bodrumspor - Bursaspor,TFF 1. Lig,09/08 15:30,Betano,4.0,3.7,1.78,0.225,0.245,0.530,2.5,1.78,1.93,,0.522,0.478,,1.5,2.62,1.44,,0.344,0.656,,,2.02,1.25,1.25,0.181,0.410,0.410,,2.92,1.36,,0.304,0.696,,,1.72,2.0,,0.541,0.459,
Epicentr Dunaivtsi - FC Shakhtar Donetsk,Premier Liga,09/08 09:30,Betano,7.2,4.45,1.38,0.115,0.198,0.688,2.5,1.62,2.02,,0.561,0.439,,1.5,2.35,1.47,,0.373,0.627,,,2.95,1.17,1.09,0.081,0.433,0.487,,4.6,1.12,,0.162,0.838,,,1.87,1.75,,0.482,0.518,
Veres Rivne - Dínamo Kiev,Premier Liga,09/08 12:00,Betano,8.0,4.6,1.34,0.101,0.191,0.709,2.5,1.72,1.88,,0.525,0.475,,1.5,2.5,1.4,,0.343,0.657,,,3.2,1.16,1.08,0.068,0.438,0.494,,5.0,1.1,,0.145,0.855,,,2.1,1.57,,0.420,0.580,
FSK Mariupol - SC Poltava,Persha Liga,09/08 10:00,Betano,2.95,3.25,2.15,0.303,0.272,0.425,2.5,2.0,1.65,,0.447,0.553,,0.5,1.42,2.37,,0.641,0.359,,,1.57,1.28,1.32,0.266,0.376,0.358,,2.12,1.57,,0.417,0.583,,,,,,,,
Danubio FC - CA Cerro,Liga AUF Uruguaya,09/08 11:00,Betano,2.0,3.0,3.75,0.463,0.301,0.236,1.5,1.5,2.45,,0.629,0.371,,0.5,1.6,2.27,,0.592,0.408,,,1.27,1.35,1.8,0.406,0.368,0.227,,1.44,2.67,,0.660,0.340,,,2.12,1.65,,0.433,0.567,
Defensor Sporting - Montevideo Wanderers,Liga AUF Uruguaya,09/08 15:00,Betano,2.2,3.1,3.1,0.419,0.290,0.290,2.5,2.07,1.7,,0.447,0.553,,0.5,1.5,2.5,,0.633,0.367,,,1.36,1.34,1.67,0.366,0.374,0.260,,1.6,2.27,,0.592,0.408,,,1.83,1.88,,0.507,0.493,
Nacional Montevideo - CA Boston River,Liga AUF Uruguaya,09/08 18:30,Betano,1.52,3.85,5.5,0.618,0.229,0.153,2.5,1.87,1.87,,0.500,0.500,,0.5,1.42,2.77,,0.672,0.328,,,1.15,1.23,2.52,0.465,0.417,0.118,,1.21,4.15,,0.793,0.207,,,1.95,1.75,,0.471,0.529,
River Plate Montevideo - Huracan FC,Segunda División,09/08 10:00,Betano,2.45,3.2,2.7,0.377,0.283,0.340,2.5,2.05,1.62,,0.435,0.565,,0.5,1.45,2.37,,0.634,0.366,,,1.44,1.3,1.52,0.323,0.382,0.295,,1.72,1.88,,0.525,0.475,,,1.82,1.78,,0.494,0.506,
Miramar Misiones - Tacuarembo FC,Segunda División,09/08 13:00,Betano,2.57,2.87,2.85,0.359,0.319,0.322,1.5,1.5,2.27,,0.613,0.387,,0.5,1.57,2.12,,0.583,0.417,,,1.36,1.35,1.47,0.346,0.350,0.304,,1.72,1.9,,0.528,0.472,,,2.0,1.65,,0.447,0.553,
Club Oriental - Atenas San Carlos,Segunda División,09/08 16:00,Betano,2.52,3.25,2.6,0.366,0.279,0.354,2.5,2.05,1.62,,0.435,0.565,,0.5,1.45,2.4,,0.636,0.364,,,1.47,1.29,1.5,0.312,0.387,0.301,,1.78,1.83,,0.508,0.492,,,1.83,1.78,,0.492,0.508,
CA Lito - Institucion Atletica Sud America,Primera División Amateur,09/08 10:00,Betano,2.25,3.15,2.87,0.406,0.282,0.312,2.5,2.15,1.55,,0.410,0.590,,0.5,1.47,2.22,,0.615,0.385,,,1.34,1.3,1.52,0.350,0.368,0.282,,1.62,2.05,,0.565,0.435,,,,,,,,
Huracan Buceo - CA Terremoto Buceo,Primera División Amateur,09/08 10:00,Betano,3.55,3.3,1.9,0.247,0.268,0.485,2.5,2.05,1.62,,0.435,0.565,,0.5,1.42,2.35,,0.639,0.361,,,1.72,1.27,1.24,0.226,0.380,0.395,,2.52,1.4,,0.341,0.659,,,,,,,,
Kattaqorgon - FC Jayhun,Pro Liga,09/08 11:30,Betano,1.65,3.6,4.5,0.565,0.245,0.191,2.5,1.57,2.12,,0.583,0.417,,1.5,2.22,1.47,,0.385,0.615,,,1.17,1.23,2.0,0.432,0.398,0.170,,1.26,3.15,,0.738,0.262,,,,,,,,
Academia Anzoategui FC - Portuguesa FC,Primeira Divisão,09/08 16:30,Betano,2.65,3.05,2.6,0.347,0.299,0.354,2.5,2.12,1.57,,0.417,0.583,,0.5,1.47,2.32,,0.625,0.375,,,1.47,1.32,1.4,0.305,0.365,0.331,,1.82,1.78,,0.494,0.506,,,1.83,1.78,,0.492,0.508,
Trujillanos FC - Deportivo Táchira,Primeira Divisão,09/08 17:00,Betano,4.85,3.3,1.72,0.180,0.274,0.546,2.5,2.07,1.6,,0.429,0.571,,0.5,1.47,2.32,,0.625,0.375,,,2.05,1.28,1.16,0.169,0.382,0.449,,3.15,1.26,,0.262,0.738,,,1.95,1.67,,0.457,0.543,
Zamora FC - Academia Puerto Cabello,Primeira Divisão,09/08 17:00,Betano,3.1,2.85,2.4,0.293,0.321,0.385,1.5,1.5,2.27,,0.613,0.387,,0.5,1.57,2.1,,0.580,0.420,,,1.55,1.36,1.31,0.280,0.349,0.371,,2.05,1.6,,0.431,0.569,,,2.02,1.62,,0.439,0.561,
Metropolitanos FC - UCV FC,Primeira Divisão,09/08 19:30,Betano,2.22,3.05,3.2,0.418,0.298,0.283,2.5,1.98,1.65,,0.449,0.551,,0.5,1.45,2.37,,0.634,0.366,,,1.3,1.32,1.62,0.375,0.366,0.259,,1.55,2.15,,0.590,0.410,,,1.75,1.87,,0.518,0.482,
Bolivar SC - Dynamo Puerto FC,Segunda División,09/08 16:00,Betano,2.02,2.95,3.6,0.454,0.303,0.243,1.5,1.5,2.27,,0.613,0.387,,0.5,1.53,2.1,,0.589,0.411,,,1.24,1.32,1.65,0.397,0.358,0.245,,1.42,2.45,,0.648,0.352,,,,,,,,
Urena - Barquisimeto SC,Segunda División,09/08 16:30,Betano,2.35,3.1,2.75,0.387,0.287,0.327,2.5,1.95,1.67,,0.457,0.543,,0.5,1.42,2.35,,0.639,0.361,,,1.37,1.3,1.47,0.336,0.366,0.298,,1.67,1.95,,0.543,0.457,,,,,,,,
Atletico Avila - Aragua FC,Segunda División,09/08 16:30,Betano,2.92,2.9,2.37,0.307,0.309,0.384,1.5,1.5,2.27,,0.613,0.387,,0.5,1.53,2.1,,0.589,0.411,,,1.47,1.34,1.33,0.298,0.349,0.353,,2.0,1.65,,0.447,0.553,,,,,,,,
